{
  "FrameComputationDuration": 56.574724000529386,
  "FrameDuration": 67.18000899814069,
  "FrameIndex": 1681,
  "FrameTimestamp": 15969586.551999997,
  "FrameTransferDuration": 18.369
}