{
  "FrameComputationDuration": 56.52557199890725,
  "FrameDuration": 67.15937000140548,
  "FrameIndex": 1678,
  "FrameTimestamp": 15968161.783,
  "FrameTransferDuration": 19.5443
}