{
  "FrameComputationDuration": 55.01122600201052,
  "FrameDuration": 67.8274869993329,
  "FrameIndex": 1692,
  "FrameTimestamp": 15974809.790999997,
  "FrameTransferDuration": 14.3025
}