{
  "FrameComputationDuration": 56.48387700121384,
  "FrameDuration": 67.34122200123966,
  "FrameIndex": 1679,
  "FrameTimestamp": 15968636.733999997,
  "FrameTransferDuration": 14.84
}