{
  "FrameComputationDuration": 55.094296999741346,
  "FrameDuration": 68.18636100180447,
  "FrameIndex": 1691,
  "FrameTimestamp": 15974334.798999999,
  "FrameTransferDuration": 13.3105
}