{
  "FrameComputationDuration": 56.27933700091671,
  "FrameDuration": 67.18672799877822,
  "FrameIndex": 1683,
  "FrameTimestamp": 15970536.417999998,
  "FrameTransferDuration": 14.8578
}