{
  "FrameComputationDuration": 55.060985999996774,
  "FrameDuration": 68.13436200097203,
  "FrameIndex": 1690,
  "FrameTimestamp": 15973859.893999998,
  "FrameTransferDuration": 17.6016
}