{
  "FrameComputationDuration": 55.22488700138638,
  "FrameDuration": 67.27571899816394,
  "FrameIndex": 1688,
  "FrameTimestamp": 15972910.027999997,
  "FrameTransferDuration": 14.0194
}