{
  "FrameComputationDuration": 56.57994000328472,
  "FrameDuration": 67.03735500201583,
  "FrameIndex": 1680,
  "FrameTimestamp": 15969111.621,
  "FrameTransferDuration": 14.9205
}