{
  "FrameComputationDuration": 56.50909299906925,
  "FrameDuration": 67.80697499774396,
  "FrameIndex": 1677,
  "FrameTimestamp": 15967687.925999999,
  "FrameTransferDuration": 20.1191
}