{
  "FrameComputationDuration": 55.4896510001563,
  "FrameDuration": 67.06375399790704,
  "FrameIndex": 1687,
  "FrameTimestamp": 15972435.097999997,
  "FrameTransferDuration": 13.9118
}