{
  "FrameComputationDuration": 54.93273099974613,
  "FrameDuration": 67.69152099825442,
  "FrameIndex": 1699,
  "FrameTimestamp": 15978133.219,
  "FrameTransferDuration": 13.4138
}