{
  "FrameComputationDuration": 55.06271400049445,
  "FrameDuration": 69.97836699895561,
  "FrameIndex": 1702,
  "FrameTimestamp": 15979557.000999998,
  "FrameTransferDuration": 17.2541
}