{
  "FrameComputationDuration": 55.04508200127748,
  "FrameDuration": 67.67686400189996,
  "FrameIndex": 1700,
  "FrameTimestamp": 15978608.154,
  "FrameTransferDuration": 14.1569
}