{
  "FrameComputationDuration": 55.09132099951967,
  "FrameDuration": 67.28759000077844,
  "FrameIndex": 1696,
  "FrameTimestamp": 15976708.458999999,
  "FrameTransferDuration": 16.951
}