{
  "FrameComputationDuration": 54.971386998688104,
  "FrameDuration": 67.25536800175905,
  "FrameIndex": 1695,
  "FrameTimestamp": 15976233.511999998,
  "FrameTransferDuration": 13.5059
}