{
  "FrameComputationDuration": 55.19058299891185,
  "FrameDuration": 67.2652230001986,
  "FrameIndex": 1697,
  "FrameTimestamp": 15977183.380999997,
  "FrameTransferDuration": 17.1905
}