{
  "FrameComputationDuration": 54.85516499861842,
  "FrameDuration": 67.81347099877894,
  "FrameIndex": 1698,
  "FrameTimestamp": 15977658.334999997,
  "FrameTransferDuration": 17.1301
}