{
  "FrameComputationDuration": 55.780176000786014,
  "FrameDuration": 68.35743100196123,
  "FrameIndex": 1686,
  "FrameTimestamp": 15971960.171999998,
  "FrameTransferDuration": 17.7391
}