{
  "FrameComputationDuration": 56.51901299945894,
  "FrameDuration": 67.23514400050044,
  "FrameIndex": 1682,
  "FrameTimestamp": 15970061.474999998,
  "FrameTransferDuration": 18.2727
}