{
  "FrameComputationDuration": 55.97418899909826,
  "FrameDuration": 67.56525100022554,
  "FrameIndex": 1684,
  "FrameTimestamp": 15971011.331999999,
  "FrameTransferDuration": 16.5172
}