{
  "FrameComputationDuration": 56.061963998537976,
  "FrameDuration": 67.91791700012982,
  "FrameIndex": 1685,
  "FrameTimestamp": 15971486.281999998,
  "FrameTransferDuration": 17.4876
}