{
  "FrameComputationDuration": 55.150423999351915,
  "FrameDuration": 67.21040700003505,
  "FrameIndex": 1701,
  "FrameTimestamp": 15979082.062999997,
  "FrameTransferDuration": 17.0728
}