{
  "FrameComputationDuration": 55.661233000369975,
  "FrameDuration": 68.25644100084901,
  "FrameIndex": 1689,
  "FrameTimestamp": 15973385.579,
  "FrameTransferDuration": 16.649
}