{
  "FrameComputationDuration": 55.021177999908105,
  "FrameDuration": 67.25421499833465,
  "FrameIndex": 1693,
  "FrameTimestamp": 15975283.663999997,
  "FrameTransferDuration": 17.2556
}