{
  "FrameComputationDuration": 55.07116200088058,
  "FrameDuration": 67.2004560008645,
  "FrameIndex": 1694,
  "FrameTimestamp": 15975758.575,
  "FrameTransferDuration": 17.1953
}