{
  "FrameComputationDuration": 56.347804994205944,
  "FrameDuration": 67.19283999502659,
  "FrameIndex": 3534,
  "FrameTimestamp": 29986939.569999997,
  "FrameTransferDuration": 15.5192
}