{
  "FrameComputationDuration": 56.49330699990969,
  "FrameDuration": 69.9870419986546,
  "FrameIndex": 3540,
  "FrameTimestamp": 29987793.680999998,
  "FrameTransferDuration": 18.0916
}