{
  "FrameComputationDuration": 56.39090800227132,
  "FrameDuration": 67.37024499848485,
  "FrameIndex": 3537,
  "FrameTimestamp": 29987366.690999996,
  "FrameTransferDuration": 14.7125
}