{
  "FrameComputationDuration": 56.81154200137826,
  "FrameDuration": 67.32557400316,
  "FrameIndex": 3543,
  "FrameTimestamp": 29988220.756999996,
  "FrameTransferDuration": 19.0714
}