{
  "FrameComputationDuration": 56.385211994405836,
  "FrameDuration": 68.9725279957056,
  "FrameIndex": 3539,
  "FrameTimestamp": 29987651.054,
  "FrameTransferDuration": 18.9193
}