{
  "FrameComputationDuration": 56.467513996060006,
  "FrameDuration": 67.38013299927115,
  "FrameIndex": 3535,
  "FrameTimestamp": 29987082.316999998,
  "FrameTransferDuration": 19.128
}