{
  "FrameComputationDuration": 56.77307799574919,
  "FrameDuration": 67.31952599808574,
  "FrameIndex": 3544,
  "FrameTimestamp": 29988362.385,
  "FrameTransferDuration": 18.7822
}