{
  "FrameComputationDuration": 56.45455500140088,
  "FrameDuration": 67.31453399732709,
  "FrameIndex": 3531,
  "FrameTimestamp": 29986514.532,
  "FrameTransferDuration": 19.009
}