{
  "FrameComputationDuration": 56.331645007943735,
  "FrameDuration": 67.15389700606465,
  "FrameIndex": 3536,
  "FrameTimestamp": 29987223.936,
  "FrameTransferDuration": 18.3863
}