{
  "FrameComputationDuration": 56.4827460043598,
  "FrameDuration": 67.36880599707365,
  "FrameIndex": 3533,
  "FrameTimestamp": 29986798.962,
  "FrameTransferDuration": 14.9656
}