{
  "FrameComputationDuration": 55.94217799749458,
  "FrameDuration": 71.12984200567007,
  "FrameIndex": 3541,
  "FrameTimestamp": 29987936.332,
  "FrameTransferDuration": 14.8375
}