{
  "FrameComputationDuration": 56.28188500215765,
  "FrameDuration": 67.31645400077105,
  "FrameIndex": 3530,
  "FrameTimestamp": 29986372.867000002,
  "FrameTransferDuration": 15.7029
}