{
  "FrameComputationDuration": 56.27913300215732,
  "FrameDuration": 67.31370300427079,
  "FrameIndex": 3532,
  "FrameTimestamp": 29986656.234,
  "FrameTransferDuration": 18.7005
}