{
  "FrameComputationDuration": 56.52040900266729,
  "FrameDuration": 67.23911099880934,
  "FrameIndex": 3545,
  "FrameTimestamp": 29988504.038,
  "FrameTransferDuration": 14.446
}