{
  "FrameComputationDuration": 56.59746500081383,
  "FrameDuration": 67.03754499927163,
  "FrameIndex": 3542,
  "FrameTimestamp": 29988078.005,
  "FrameTransferDuration": 15.6205
}