{
  "FrameComputationDuration": 56.451835000130814,
  "FrameDuration": 67.75891200453043,
  "FrameIndex": 3527,
  "FrameTimestamp": 29985947.805999998,
  "FrameTransferDuration": 20.6178
}