{
  "FrameComputationDuration": 56.916628003527876,
  "FrameDuration": 67.84188600629568,
  "FrameIndex": 3546,
  "FrameTimestamp": 29988645.716999996,
  "FrameTransferDuration": 16.0075
}