{
  "FrameComputationDuration": 56.30582099646563,
  "FrameDuration": 67.3294459991157,
  "FrameIndex": 3529,
  "FrameTimestamp": 29986231.176999997,
  "FrameTransferDuration": 14.3538
}