{
  "FrameComputationDuration": 56.43682699784404,
  "FrameDuration": 67.26723900809884,
  "FrameIndex": 3528,
  "FrameTimestamp": 29986089.501,
  "FrameTransferDuration": 18.7045
}