{
  "FrameComputationDuration": 56.45122699905187,
  "FrameDuration": 67.23693500831723,
  "FrameIndex": 3538,
  "FrameTimestamp": 29987508.285,
  "FrameTransferDuration": 15.1905
}