{
  "FrameComputationDuration": 56.554610000603134,
  "FrameDuration": 69.2558280006051,
  "FrameIndex": 2185,
  "FrameTimestamp": 18043602.296,
  "FrameTransferDuration": 20.5085
}