{
  "FrameComputationDuration": 56.66504000077839,
  "FrameDuration": 69.80797899886966,
  "FrameIndex": 2183,
  "FrameTimestamp": 18043364.757999998,
  "FrameTransferDuration": 22.6145
}