{
  "FrameComputationDuration": 57.3865330015542,
  "FrameDuration": 69.17621300369501,
  "FrameIndex": 2180,
  "FrameTimestamp": 18043009.569,
  "FrameTransferDuration": 18.3821
}