{
  "FrameComputationDuration": 56.93463599900133,
  "FrameDuration": 69.16917299851775,
  "FrameIndex": 2167,
  "FrameTimestamp": 18041471.026,
  "FrameTransferDuration": 21.0556
}