{
  "FrameComputationDuration": 55.154311003221665,
  "FrameDuration": 70.62582399696112,
  "FrameIndex": 2188,
  "FrameTimestamp": 18043958.415999997,
  "FrameTransferDuration": 18.4293
}