{
  "FrameComputationDuration": 56.89774099976057,
  "FrameDuration": 69.26792399957776,
  "FrameIndex": 2174,
  "FrameTimestamp": 18042299.195,
  "FrameTransferDuration": 22.7513
}