{
  "FrameComputationDuration": 58.569780003250344,
  "FrameDuration": 69.04642299935222,
  "FrameIndex": 2176,
  "FrameTimestamp": 18042535.628999997,
  "FrameTransferDuration": 16.6222
}