{
  "FrameComputationDuration": 55.0505039957352,
  "FrameDuration": 68.69593200087547,
  "FrameIndex": 2192,
  "FrameTimestamp": 18044431.327999998,
  "FrameTransferDuration": 17.1338
}