{
  "FrameComputationDuration": 56.66542399817263,
  "FrameDuration": 69.73454100266099,
  "FrameIndex": 2177,
  "FrameTimestamp": 18042654.367,
  "FrameTransferDuration": 19.301
}