{
  "FrameComputationDuration": 57.78940700224484,
  "FrameDuration": 69.22699599713087,
  "FrameIndex": 2184,
  "FrameTimestamp": 18043483.476,
  "FrameTransferDuration": 20.4938
}