{
  "FrameComputationDuration": 56.4682109990099,
  "FrameDuration": 69.19506099820137,
  "FrameIndex": 2186,
  "FrameTimestamp": 18043720.963999998,
  "FrameTransferDuration": 24.417
}