{
  "FrameComputationDuration": 56.717582998855505,
  "FrameDuration": 69.50635200366378,
  "FrameIndex": 2182,
  "FrameTimestamp": 18043247.027,
  "FrameTransferDuration": 20.7342
}