{
  "FrameComputationDuration": 56.961708000832004,
  "FrameDuration": 69.14242199808359,
  "FrameIndex": 2181,
  "FrameTimestamp": 18043128.298,
  "FrameTransferDuration": 16.8841
}