{
  "FrameComputationDuration": 56.678607997717336,
  "FrameDuration": 68.72428400069475,
  "FrameIndex": 2178,
  "FrameTimestamp": 18042772.086,
  "FrameTransferDuration": 22.0742
}