{
  "FrameComputationDuration": 56.69883099858998,
  "FrameDuration": 68.50502300262451,
  "FrameIndex": 2170,
  "FrameTimestamp": 18041825.231999997,
  "FrameTransferDuration": 20.8931
}