{
  "FrameComputationDuration": 54.1076710014604,
  "FrameDuration": 69.08607100322843,
  "FrameIndex": 2190,
  "FrameTimestamp": 18044194.878999997,
  "FrameTransferDuration": 22.165
}