{
  "FrameComputationDuration": 56.70919900233275,
  "FrameDuration": 69.94788199290633,
  "FrameIndex": 2171,
  "FrameTimestamp": 18041942.959999997,
  "FrameTransferDuration": 23.3526
}