{
  "FrameComputationDuration": 54.20632599928649,
  "FrameDuration": 71.16053599864244,
  "FrameIndex": 2191,
  "FrameTimestamp": 18044312.630999997,
  "FrameTransferDuration": 18.7875
}