{
  "FrameComputationDuration": 54.71601400017971,
  "FrameDuration": 68.58969400823116,
  "FrameIndex": 2194,
  "FrameTimestamp": 18044667.803999998,
  "FrameTransferDuration": 18.6405
}