{
  "FrameComputationDuration": 56.77694299662835,
  "FrameDuration": 69.15301299840212,
  "FrameIndex": 2179,
  "FrameTimestamp": 18042890.832,
  "FrameTransferDuration": 23.2375
}