{
  "FrameComputationDuration": 56.780942998389946,
  "FrameDuration": 68.86665000021458,
  "FrameIndex": 2169,
  "FrameTimestamp": 18041707.487999998,
  "FrameTransferDuration": 17.2247
}