{
  "FrameComputationDuration": 57.03908200163278,
  "FrameDuration": 69.12242199853063,
  "FrameIndex": 2168,
  "FrameTimestamp": 18041588.768999998,
  "FrameTransferDuration": 16.5096
}