{
  "FrameComputationDuration": 56.21394299954409,
  "FrameDuration": 69.26315600052476,
  "FrameIndex": 2187,
  "FrameTimestamp": 18043839.687,
  "FrameTransferDuration": 23.2358
}