{
  "FrameComputationDuration": 58.71595400176011,
  "FrameDuration": 68.68530800566077,
  "FrameIndex": 2172,
  "FrameTimestamp": 18042061.702,
  "FrameTransferDuration": 18.9864
}