{
  "FrameComputationDuration": 56.49835499867913,
  "FrameDuration": 70.26026100665331,
  "FrameIndex": 2173,
  "FrameTimestamp": 18042181.468,
  "FrameTransferDuration": 19.3762
}