{
  "FrameComputationDuration": 56.90471599792363,
  "FrameDuration": 68.48649600148201,
  "FrameIndex": 2166,
  "FrameTimestamp": 18041353.355,
  "FrameTransferDuration": 21.8982
}