{
  "FrameComputationDuration": 55.71340599935502,
  "FrameDuration": 68.94559200108051,
  "FrameIndex": 2193,
  "FrameTimestamp": 18044550.071,
  "FrameTransferDuration": 17.0861
}