{
  "FrameComputationDuration": 56.587729000195395,
  "FrameDuration": 70.27155699953437,
  "FrameIndex": 2175,
  "FrameTimestamp": 18042417.913,
  "FrameTransferDuration": 22.5121
}