{
  "FrameComputationDuration": 54.25841999959084,
  "FrameDuration": 68.54182199388742,
  "FrameIndex": 2189,
  "FrameTimestamp": 18044076.126,
  "FrameTransferDuration": 18.4694
}