{
  "FrameComputationDuration": 55.25773699997808,
  "FrameDuration": 68.40078100003302,
  "FrameIndex": 1653,
  "FrameTimestamp": 15730068.695999999,
  "FrameTransferDuration": 15.1377
}