{
  "FrameComputationDuration": 55.133836002787575,
  "FrameDuration": 67.45285899937153,
  "FrameIndex": 1650,
  "FrameTimestamp": 15720091.366999999,
  "FrameTransferDuration": 15.9113
}