{
  "FrameComputationDuration": 55.84300999873085,
  "FrameDuration": 67.9653970003128,
  "FrameIndex": 1648,
  "FrameTimestamp": 15713440.314999998,
  "FrameTransferDuration": 18.977
}