{
  "FrameComputationDuration": 56.15628700272646,
  "FrameDuration": 68.13681999780238,
  "FrameIndex": 1645,
  "FrameTimestamp": 15703463.934,
  "FrameTransferDuration": 15.7495
}