{
  "FrameComputationDuration": 56.72961999839754,
  "FrameDuration": 67.59247199818492,
  "FrameIndex": 1654,
  "FrameTimestamp": 15733394.173,
  "FrameTransferDuration": 17.0852
}