{
  "FrameComputationDuration": 56.17343999899458,
  "FrameDuration": 67.22560200095177,
  "FrameIndex": 1642,
  "FrameTimestamp": 15693487.474,
  "FrameTransferDuration": 16.8201
}