{
  "FrameComputationDuration": 56.022623997268965,
  "FrameDuration": 67.19696199893951,
  "FrameIndex": 1644,
  "FrameTimestamp": 15700138.452,
  "FrameTransferDuration": 19.9031
}