{
  "FrameComputationDuration": 56.53180300159147,
  "FrameDuration": 72.31884200312197,
  "FrameIndex": 1639,
  "FrameTimestamp": 15683516.094999999,
  "FrameTransferDuration": 20.1247
}