{
  "FrameComputationDuration": 56.91970100128674,
  "FrameDuration": 67.16230800002813,
  "FrameIndex": 1640,
  "FrameTimestamp": 15686836.52,
  "FrameTransferDuration": 20.1679
}