{
  "FrameComputationDuration": 56.53289000183577,
  "FrameDuration": 67.13273900188506,
  "FrameIndex": 1643,
  "FrameTimestamp": 15696812.954,
  "FrameTransferDuration": 22.1001
}