{
  "FrameComputationDuration": 55.803395000926685,
  "FrameDuration": 69.6635809969157,
  "FrameIndex": 1647,
  "FrameTimestamp": 15710114.853999998,
  "FrameTransferDuration": 18.8604
}