{
  "FrameComputationDuration": 55.479622999060666,
  "FrameDuration": 68.22603299841285,
  "FrameIndex": 1649,
  "FrameTimestamp": 15716765.783,
  "FrameTransferDuration": 15.3015
}