{
  "FrameComputationDuration": 55.05425200299942,
  "FrameDuration": 69.65061999671161,
  "FrameIndex": 1651,
  "FrameTimestamp": 15723417.772999998,
  "FrameTransferDuration": 18.8961
}