{
  "FrameComputationDuration": 56.56853799914825,
  "FrameDuration": 67.21120300143957,
  "FrameIndex": 1641,
  "FrameTimestamp": 15690162.018,
  "FrameTransferDuration": 16.4348
}