{
  "FrameComputationDuration": 55.67958900119993,
  "FrameDuration": 67.1505610011518,
  "FrameIndex": 1646,
  "FrameTimestamp": 15706789.393999998,
  "FrameTransferDuration": 17.664
}