{
  "FrameComputationDuration": 54.9441419999348,
  "FrameDuration": 69.43564600124955,
  "FrameIndex": 1652,
  "FrameTimestamp": 15726743.254999999,
  "FrameTransferDuration": 18.8532
}