{
  "FrameComputationDuration": 57.02277399849845,
  "FrameDuration": 67.29958199895918,
  "FrameIndex": 1711,
  "FrameTimestamp": 16119514.217999998,
  "FrameTransferDuration": 18.3912
}