{
  "FrameComputationDuration": 55.099697997327894,
  "FrameDuration": 67.17321599647403,
  "FrameIndex": 1716,
  "FrameTimestamp": 16121729.175999999,
  "FrameTransferDuration": 17.0819
}