{
  "FrameComputationDuration": 56.62741900177207,
  "FrameDuration": 70.54974200204015,
  "FrameIndex": 1709,
  "FrameTimestamp": 16118628.222,
  "FrameTransferDuration": 17.2195
}