{
  "FrameComputationDuration": 54.88408500258811,
  "FrameDuration": 67.26227000169456,
  "FrameIndex": 1718,
  "FrameTimestamp": 16122615.178999998,
  "FrameTransferDuration": 14.6349
}