{
  "FrameComputationDuration": 56.852855999430176,
  "FrameDuration": 70.27896200120449,
  "FrameIndex": 1707,
  "FrameTimestamp": 16117742.266999997,
  "FrameTransferDuration": 20.421
}