{
  "FrameComputationDuration": 55.10004999800003,
  "FrameDuration": 67.27075000293553,
  "FrameIndex": 1715,
  "FrameTimestamp": 16121286.217,
  "FrameTransferDuration": 17.1511
}