{
  "FrameComputationDuration": 56.71845799870789,
  "FrameDuration": 67.25359800085425,
  "FrameIndex": 1712,
  "FrameTimestamp": 16119957.204,
  "FrameTransferDuration": 18.4293
}