{
  "FrameComputationDuration": 56.11200299972552,
  "FrameDuration": 67.17862300015986,
  "FrameIndex": 1717,
  "FrameTimestamp": 16122172.187999997,
  "FrameTransferDuration": 13.6254
}