{
  "FrameComputationDuration": 56.58069999777945,
  "FrameDuration": 67.74568699859083,
  "FrameIndex": 1708,
  "FrameTimestamp": 16118185.220999997,
  "FrameTransferDuration": 18.4994
}