{
  "FrameComputationDuration": 56.69935500266729,
  "FrameDuration": 70.25284999981523,
  "FrameIndex": 1710,
  "FrameTimestamp": 16119071.209999997,
  "FrameTransferDuration": 15.7215
}