{
  "FrameComputationDuration": 55.833479000255466,
  "FrameDuration": 67.34105299971998,
  "FrameIndex": 1714,
  "FrameTimestamp": 16120843.200999998,
  "FrameTransferDuration": 15.637
}