{
  "FrameComputationDuration": 55.170512998302,
  "FrameDuration": 67.68459999933839,
  "FrameIndex": 1719,
  "FrameTimestamp": 16123058.173999999,
  "FrameTransferDuration": 16.9898
}