{
  "FrameComputationDuration": 55.11636999997427,
  "FrameDuration": 67.6557999998331,
  "FrameIndex": 1720,
  "FrameTimestamp": 16123501.182999998,
  "FrameTransferDuration": 16.8818
}