{
  "FrameComputationDuration": 56.18224099787767,
  "FrameDuration": 67.24975900165737,
  "FrameIndex": 1713,
  "FrameTimestamp": 16120400.2,
  "FrameTransferDuration": 14.2404
}