{
  "FrameComputationDuration": 56.256639998347964,
  "FrameDuration": 68.23406299576163,
  "FrameIndex": 3337,
  "FrameTimestamp": 29542905.554999996,
  "FrameTransferDuration": 18.1594
}