{
  "FrameComputationDuration": 56.42553299723659,
  "FrameDuration": 67.28857299312949,
  "FrameIndex": 3345,
  "FrameTimestamp": 29544351.282999996,
  "FrameTransferDuration": 18.3597
}