{
  "FrameComputationDuration": 56.542202997196,
  "FrameDuration": 67.23705400526524,
  "FrameIndex": 3344,
  "FrameTimestamp": 29544170.683999997,
  "FrameTransferDuration": 22.0575
}