{
  "FrameComputationDuration": 56.228385003167205,
  "FrameDuration": 67.1211520023644,
  "FrameIndex": 3330,
  "FrameTimestamp": 29541639.424,
  "FrameTransferDuration": 18.8471
}