{
  "FrameComputationDuration": 56.39753400365589,
  "FrameDuration": 67.73970199748874,
  "FrameIndex": 3339,
  "FrameTimestamp": 29543266.720999997,
  "FrameTransferDuration": 22.1302
}