{
  "FrameComputationDuration": 57.01003700128058,
  "FrameDuration": 67.26700599491596,
  "FrameIndex": 3347,
  "FrameTimestamp": 29544712.469,
  "FrameTransferDuration": 19.8226
}