{
  "FrameComputationDuration": 56.46758099406725,
  "FrameDuration": 67.34140399843454,
  "FrameIndex": 3338,
  "FrameTimestamp": 29543085.158999998,
  "FrameTransferDuration": 18.103
}