{
  "FrameComputationDuration": 56.43587000115076,
  "FrameDuration": 67.55336900055408,
  "FrameIndex": 3327,
  "FrameTimestamp": 29541096.697,
  "FrameTransferDuration": 21.2258
}