{
  "FrameComputationDuration": 57.215569999301806,
  "FrameDuration": 67.24396500363946,
  "FrameIndex": 3346,
  "FrameTimestamp": 29544531.869,
  "FrameTransferDuration": 16.4022
}