{
  "FrameComputationDuration": 56.153441998991184,
  "FrameDuration": 68.37390099838376,
  "FrameIndex": 3333,
  "FrameTimestamp": 29542181.175999995,
  "FrameTransferDuration": 17.9547
}