{
  "FrameComputationDuration": 56.555387994041666,
  "FrameDuration": 67.2228780016303,
  "FrameIndex": 3340,
  "FrameTimestamp": 29543447.333,
  "FrameTransferDuration": 21.8163
}