{
  "FrameComputationDuration": 56.293888003681786,
  "FrameDuration": 67.71867900341749,
  "FrameIndex": 3336,
  "FrameTimestamp": 29542723.98,
  "FrameTransferDuration": 22.0375
}