{
  "FrameComputationDuration": 56.182816994551104,
  "FrameDuration": 67.17263900116086,
  "FrameIndex": 3331,
  "FrameTimestamp": 29541820.013,
  "FrameTransferDuration": 22.6664
}