{
  "FrameComputationDuration": 56.21686499810312,
  "FrameDuration": 69.83080800250173,
  "FrameIndex": 3341,
  "FrameTimestamp": 29543627.911999997,
  "FrameTransferDuration": 17.1934
}