{
  "FrameComputationDuration": 56.908279001072515,
  "FrameDuration": 67.23865299671888,
  "FrameIndex": 3348,
  "FrameTimestamp": 29544893.066999998,
  "FrameTransferDuration": 19.3213
}