{
  "FrameComputationDuration": 56.5241250009276,
  "FrameDuration": 67.22825399786234,
  "FrameIndex": 3332,
  "FrameTimestamp": 29542000.602,
  "FrameTransferDuration": 22.0949
}