{
  "FrameComputationDuration": 56.34671900043031,
  "FrameDuration": 68.3721729926765,
  "FrameIndex": 3329,
  "FrameTimestamp": 29541458.819999997,
  "FrameTransferDuration": 18.0716
}