{
  "FrameComputationDuration": 56.32876700244378,
  "FrameDuration": 67.28876499831676,
  "FrameIndex": 3335,
  "FrameTimestamp": 29542543.422000002,
  "FrameTransferDuration": 22.8996
}