{
  "FrameComputationDuration": 56.284607999026775,
  "FrameDuration": 67.21858999505639,
  "FrameIndex": 3343,
  "FrameTimestamp": 29543990.091000002,
  "FrameTransferDuration": 22.7797
}