{
  "FrameComputationDuration": 56.82939999818336,
  "FrameDuration": 66.79606800153852,
  "FrameIndex": 3328,
  "FrameTimestamp": 29541277.246999998,
  "FrameTransferDuration": 22.3061
}