{
  "FrameComputationDuration": 56.61061900330242,
  "FrameDuration": 67.55346500128508,
  "FrameIndex": 3342,
  "FrameTimestamp": 29543809.502,
  "FrameTransferDuration": 18.2863
}