{
  "FrameComputationDuration": 56.216831994766835,
  "FrameDuration": 67.08531200140715,
  "FrameIndex": 3334,
  "FrameTimestamp": 29542361.801999997,
  "FrameTransferDuration": 18.7232
}