{
  "FrameComputationDuration": 45.88711599927774,
  "FrameDuration": 80.7257029991597,
  "FrameIndex": 1087,
  "FrameTimestamp": 7037578.385999999,
  "FrameTransferDuration": 17.6794
}