{
  "FrameComputationDuration": 45.97505099992122,
  "FrameDuration": 77.70328600052744,
  "FrameIndex": 1086,
  "FrameTimestamp": 7036580.634000001,
  "FrameTransferDuration": 17.3968
}