{
  "FrameComputationDuration": 45.91357899877039,
  "FrameDuration": 79.1246399981901,
  "FrameIndex": 1090,
  "FrameTimestamp": 7040569.632,
  "FrameTransferDuration": 17.8237
}