{
  "FrameComputationDuration": 46.061672999909206,
  "FrameDuration": 78.24714999832213,
  "FrameIndex": 1089,
  "FrameTimestamp": 7039571.871,
  "FrameTransferDuration": 14.8738
}