{
  "FrameComputationDuration": 45.82276499982254,
  "FrameDuration": 77.26668499875814,
  "FrameIndex": 1085,
  "FrameTimestamp": 7035582.884000001,
  "FrameTransferDuration": 14.9201
}