{
  "FrameComputationDuration": 46.11837699989701,
  "FrameDuration": 78.17223900090903,
  "FrameIndex": 1083,
  "FrameTimestamp": 7033588.384000001,
  "FrameTransferDuration": 17.5394
}