{
  "FrameComputationDuration": 46.17603900061658,
  "FrameDuration": 78.08990399818867,
  "FrameIndex": 1081,
  "FrameTimestamp": 7031592.916,
  "FrameTransferDuration": 15.474
}