{
  "FrameComputationDuration": 46.1449360012266,
  "FrameDuration": 78.02987300045788,
  "FrameIndex": 1080,
  "FrameTimestamp": 7030595.233,
  "FrameTransferDuration": 18.2125
}