{
  "FrameComputationDuration": 46.0085860014442,
  "FrameDuration": 78.69773499947041,
  "FrameIndex": 1088,
  "FrameTimestamp": 7038576.122999999,
  "FrameTransferDuration": 17.1619
}