{
  "FrameComputationDuration": 46.17744700068579,
  "FrameDuration": 77.23222099989653,
  "FrameIndex": 1082,
  "FrameTimestamp": 7032589.667,
  "FrameTransferDuration": 17.6652
}