{
  "FrameComputationDuration": 46.28336600066541,
  "FrameDuration": 77.24079800024629,
  "FrameIndex": 1084,
  "FrameTimestamp": 7034585.14,
  "FrameTransferDuration": 16.9419
}