{
  "FrameComputationDuration": 58.030302004830446,
  "FrameDuration": 76.79384000226855,
  "FrameIndex": 3884,
  "FrameTimestamp": 30917121.149,
  "FrameTransferDuration": 16.785
}