{
  "FrameComputationDuration": 60.37929300579708,
  "FrameDuration": 75.52297899499536,
  "FrameIndex": 3891,
  "FrameTimestamp": 30917895.396999996,
  "FrameTransferDuration": 24.1156
}