{
  "FrameComputationDuration": 56.352309997193515,
  "FrameDuration": 68.05844599753618,
  "FrameIndex": 3882,
  "FrameTimestamp": 30916900.639000002,
  "FrameTransferDuration": 22.7856
}