{
  "FrameComputationDuration": 71.21772800199687,
  "FrameDuration": 67.29068099707365,
  "FrameIndex": 3902,
  "FrameTimestamp": 30919110.665999997,
  "FrameTransferDuration": 19.642
}