{
  "FrameComputationDuration": 71.76008899812587,
  "FrameDuration": 68.83641899749637,
  "FrameIndex": 3887,
  "FrameTimestamp": 30917452.437999997,
  "FrameTransferDuration": 22.4665
}