{
  "FrameComputationDuration": 59.57856799720321,
  "FrameDuration": 68.49421599879861,
  "FrameIndex": 3888,
  "FrameTimestamp": 30917563.207,
  "FrameTransferDuration": 20.7513
}