{
  "FrameComputationDuration": 71.26943900302285,
  "FrameDuration": 67.08415600657463,
  "FrameIndex": 3901,
  "FrameTimestamp": 30918999.930999998,
  "FrameTransferDuration": 15.6007
}