{
  "FrameComputationDuration": 74.82772499608109,
  "FrameDuration": 67.86507300287485,
  "FrameIndex": 3895,
  "FrameTimestamp": 30918337.389999997,
  "FrameTransferDuration": 19.2144
}