{
  "FrameComputationDuration": 68.24593100475613,
  "FrameDuration": 67.8570399992168,
  "FrameIndex": 3886,
  "FrameTimestamp": 30917341.663,
  "FrameTransferDuration": 20.2529
}