{
  "FrameComputationDuration": 71.60095499246381,
  "FrameDuration": 67.59640499576926,
  "FrameIndex": 3900,
  "FrameTimestamp": 30918890.152,
  "FrameTransferDuration": 15.2053
}