{
  "FrameComputationDuration": 56.86932700208854,
  "FrameDuration": 71.7422330006957,
  "FrameIndex": 3889,
  "FrameTimestamp": 30917673.855,
  "FrameTransferDuration": 21.8217
}