{
  "FrameComputationDuration": 63.14373200607952,
  "FrameDuration": 68.99683300405741,
  "FrameIndex": 3906,
  "FrameTimestamp": 30919551.685,
  "FrameTransferDuration": 21.1778
}