{
  "FrameComputationDuration": 67.69669100415194,
  "FrameDuration": 68.61002199724317,
  "FrameIndex": 3897,
  "FrameTimestamp": 30918558.915999997,
  "FrameTransferDuration": 16.1807
}