{
  "FrameComputationDuration": 69.88430800207425,
  "FrameDuration": 67.73483499884605,
  "FrameIndex": 3893,
  "FrameTimestamp": 30918115.970999997,
  "FrameTransferDuration": 16.0006
}