{
  "FrameComputationDuration": 62.860151999862865,
  "FrameDuration": 68.0787659958005,
  "FrameIndex": 3909,
  "FrameTimestamp": 30919882.933000002,
  "FrameTransferDuration": 22.2158
}