{
  "FrameComputationDuration": 70.40721199766267,
  "FrameDuration": 68.2526190020144,
  "FrameIndex": 3892,
  "FrameTimestamp": 30918005.154999997,
  "FrameTransferDuration": 19.5264
}