{
  "FrameComputationDuration": 63.01118999661412,
  "FrameDuration": 69.37183500081301,
  "FrameIndex": 3885,
  "FrameTimestamp": 30917231.893999998,
  "FrameTransferDuration": 15.8235
}