{
  "FrameComputationDuration": 57.62445199908689,
  "FrameDuration": 73.04720700159669,
  "FrameIndex": 3890,
  "FrameTimestamp": 30917784.642999995,
  "FrameTransferDuration": 25.8389
}