{
  "FrameComputationDuration": 61.821894995926414,
  "FrameDuration": 67.67941199988127,
  "FrameIndex": 3904,
  "FrameTimestamp": 30919331.168,
  "FrameTransferDuration": 16.7703
}