{
  "FrameComputationDuration": 73.51843200140866,
  "FrameDuration": 69.20380600169301,
  "FrameIndex": 3903,
  "FrameTimestamp": 30919221.400000002,
  "FrameTransferDuration": 31.9375
}