{
  "FrameComputationDuration": 73.65257399989059,
  "FrameDuration": 68.14318099990487,
  "FrameIndex": 3899,
  "FrameTimestamp": 30918779.414999995,
  "FrameTransferDuration": 19.016
}