{
  "FrameComputationDuration": 68.51831199857406,
  "FrameDuration": 68.14302100241184,
  "FrameIndex": 3896,
  "FrameTimestamp": 30918448.176999997,
  "FrameTransferDuration": 14.7988
}