{
  "FrameComputationDuration": 74.4618419976905,
  "FrameDuration": 69.13567800074816,
  "FrameIndex": 3908,
  "FrameTimestamp": 30919772.154999997,
  "FrameTransferDuration": 16.0597
}