{
  "FrameComputationDuration": 62.218082000443246,
  "FrameDuration": 71.30697599425912,
  "FrameIndex": 3910,
  "FrameTimestamp": 30919993.656,
  "FrameTransferDuration": 20.215
}