{
  "FrameComputationDuration": 68.48551199614303,
  "FrameDuration": 68.18509999662638,
  "FrameIndex": 3907,
  "FrameTimestamp": 30919661.400000002,
  "FrameTransferDuration": 20.7262
}