{
  "FrameComputationDuration": 69.43740200303728,
  "FrameDuration": 67.75560200214386,
  "FrameIndex": 3898,
  "FrameTimestamp": 30918668.646,
  "FrameTransferDuration": 20.1004
}