{
  "FrameComputationDuration": 68.70131700200727,
  "FrameDuration": 69.9971709959209,
  "FrameIndex": 3894,
  "FrameTimestamp": 30918226.678,
  "FrameTransferDuration": 19.9807
}