{
  "FrameComputationDuration": 56.57285100291483,
  "FrameDuration": 76.63547399640083,
  "FrameIndex": 3905,
  "FrameTimestamp": 30919440.899,
  "FrameTransferDuration": 17.0672
}