{
  "FrameComputationDuration": 57.929406997573096,
  "FrameDuration": 70.45918000116944,
  "FrameIndex": 3883,
  "FrameTimestamp": 30917011.439,
  "FrameTransferDuration": 20.7162
}