{
  "FrameComputationDuration": 46.05162799973186,
  "FrameDuration": 77.15715400036424,
  "FrameIndex": 942,
  "FrameTimestamp": 6604165.351999999,
  "FrameTransferDuration": 18.1936
}