{
  "FrameComputationDuration": 46.09373899957427,
  "FrameDuration": 80.23438599985093,
  "FrameIndex": 938,
  "FrameTimestamp": 6602839.403,
  "FrameTransferDuration": 17.2261
}