{
  "FrameComputationDuration": 46.02295599971694,
  "FrameDuration": 78.48282899986953,
  "FrameIndex": 933,
  "FrameTimestamp": 6601176.1790000005,
  "FrameTransferDuration": 18.4464
}