{
  "FrameComputationDuration": 46.04353199837351,
  "FrameDuration": 78.18161799944937,
  "FrameIndex": 932,
  "FrameTimestamp": 6600843.878,
  "FrameTransferDuration": 19.0638
}