{
  "FrameComputationDuration": 46.09965900120005,
  "FrameDuration": 78.28232099954039,
  "FrameIndex": 937,
  "FrameTimestamp": 6602505.12,
  "FrameTransferDuration": 20.3531
}