{
  "FrameComputationDuration": 46.107274999936635,
  "FrameDuration": 78.31547100096941,
  "FrameIndex": 940,
  "FrameTimestamp": 6603501.879,
  "FrameTransferDuration": 20.5588
}