{
  "FrameComputationDuration": 45.70296100081032,
  "FrameDuration": 78.22513799928129,
  "FrameIndex": 939,
  "FrameTimestamp": 6603169.618,
  "FrameTransferDuration": 20.9249
}