{
  "FrameComputationDuration": 46.12394700041477,
  "FrameDuration": 78.19259399920702,
  "FrameIndex": 934,
  "FrameTimestamp": 6601508.386999999,
  "FrameTransferDuration": 18.0021
}