{
  "FrameComputationDuration": 46.08685899979173,
  "FrameDuration": 78.632906999439,
  "FrameIndex": 930,
  "FrameTimestamp": 6600179.3950000005,
  "FrameTransferDuration": 16.0165
}