{
  "FrameComputationDuration": 46.135594001018035,
  "FrameDuration": 78.18680199980736,
  "FrameIndex": 931,
  "FrameTimestamp": 6600511.622,
  "FrameTransferDuration": 19.304
}