{
  "FrameComputationDuration": 46.380550998561375,
  "FrameDuration": 77.43900499865413,
  "FrameIndex": 929,
  "FrameTimestamp": 6599846.212,
  "FrameTransferDuration": 19.2182
}