{
  "FrameComputationDuration": 45.8961740004961,
  "FrameDuration": 78.26798500027508,
  "FrameIndex": 936,
  "FrameTimestamp": 6602172.876999999,
  "FrameTransferDuration": 21.2186
}