{
  "FrameComputationDuration": 45.97703599972738,
  "FrameDuration": 78.19345799926668,
  "FrameIndex": 935,
  "FrameTimestamp": 6601840.618,
  "FrameTransferDuration": 21.0694
}