{
  "FrameComputationDuration": 46.62355499968544,
  "FrameDuration": 77.80828000046313,
  "FrameIndex": 941,
  "FrameTimestamp": 6603834.204999999,
  "FrameTransferDuration": 20.4685
}