{
  "FrameComputationDuration": 46.90008099895931,
  "FrameDuration": 77.65328400116414,
  "FrameIndex": 1163,
  "FrameTimestamp": 7385950.841999999,
  "FrameTransferDuration": 16.7062
}