{
  "FrameComputationDuration": 46.08335700115276,
  "FrameDuration": 77.3808070011437,
  "FrameIndex": 1173,
  "FrameTimestamp": 7387194.092999999,
  "FrameTransferDuration": 19.9682
}