{
  "FrameComputationDuration": 45.999518000411626,
  "FrameDuration": 79.36730799917132,
  "FrameIndex": 1165,
  "FrameTimestamp": 7386199.315,
  "FrameTransferDuration": 16.5716
}