{
  "FrameComputationDuration": 46.04118100011692,
  "FrameDuration": 77.21744899917394,
  "FrameIndex": 1174,
  "FrameTimestamp": 7387317.785999999,
  "FrameTransferDuration": 17.4401
}