{
  "FrameComputationDuration": 46.07164399923204,
  "FrameDuration": 77.65117099974304,
  "FrameIndex": 1171,
  "FrameTimestamp": 7386945.6110000005,
  "FrameTransferDuration": 16.6813
}