{
  "FrameComputationDuration": 45.90262300019822,
  "FrameDuration": 78.62357399892062,
  "FrameIndex": 1167,
  "FrameTimestamp": 7386447.751999999,
  "FrameTransferDuration": 17.2339
}