{
  "FrameComputationDuration": 45.9903980012532,
  "FrameDuration": 77.30186399910599,
  "FrameIndex": 1169,
  "FrameTimestamp": 7386696.174,
  "FrameTransferDuration": 16.4005
}