{
  "FrameComputationDuration": 45.905566999725124,
  "FrameDuration": 77.57635700050741,
  "FrameIndex": 1158,
  "FrameTimestamp": 7385329.283999999,
  "FrameTransferDuration": 13.9693
}