{
  "FrameComputationDuration": 46.173275999906764,
  "FrameDuration": 78.13538899924606,
  "FrameIndex": 1166,
  "FrameTimestamp": 7386324.012999999,
  "FrameTransferDuration": 14.3936
}