{
  "FrameComputationDuration": 46.18511499933811,
  "FrameDuration": 77.35364100150764,
  "FrameIndex": 1162,
  "FrameTimestamp": 7385826.163,
  "FrameTransferDuration": 14.7226
}