{
  "FrameComputationDuration": 46.13801199931913,
  "FrameDuration": 77.27850499935448,
  "FrameIndex": 1172,
  "FrameTimestamp": 7387069.315,
  "FrameTransferDuration": 16.8533
}