{
  "FrameComputationDuration": 46.08946800017293,
  "FrameDuration": 77.74515399895608,
  "FrameIndex": 1170,
  "FrameTimestamp": 7386820.902,
  "FrameTransferDuration": 14.2158
}