{
  "FrameComputationDuration": 46.06498899951839,
  "FrameDuration": 77.29588100127876,
  "FrameIndex": 1164,
  "FrameTimestamp": 7386074.576,
  "FrameTransferDuration": 17.2431
}