{
  "FrameComputationDuration": 46.37832899994828,
  "FrameDuration": 78.32300299871713,
  "FrameIndex": 1161,
  "FrameTimestamp": 7385701.606,
  "FrameTransferDuration": 16.6974
}