{
  "FrameComputationDuration": 46.14697199966031,
  "FrameDuration": 78.64251800160855,
  "FrameIndex": 1160,
  "FrameTimestamp": 7385577.698,
  "FrameTransferDuration": 16.839
}