{
  "FrameComputationDuration": 46.02002899956278,
  "FrameDuration": 77.76601900160313,
  "FrameIndex": 1159,
  "FrameTimestamp": 7385453.985,
  "FrameTransferDuration": 21.14
}