{
  "FrameComputationDuration": 46.04959700033214,
  "FrameDuration": 76.86631899885833,
  "FrameIndex": 1168,
  "FrameTimestamp": 7386571.464999999,
  "FrameTransferDuration": 21.1315
}