{
  "FrameComputationDuration": 46.21970699947997,
  "FrameDuration": 78.17836500052363,
  "FrameIndex": 1157,
  "FrameTimestamp": 7385205.594,
  "FrameTransferDuration": 18.1731
}