{
  "FrameComputationDuration": 46.07513299886341,
  "FrameDuration": 77.32244100049138,
  "FrameIndex": 1175,
  "FrameTimestamp": 7387442.499999999,
  "FrameTransferDuration": 20.6849
}