{
  "FrameComputationDuration": 46.16183900000033,
  "FrameDuration": 83.41181600093842,
  "FrameIndex": 801,
  "FrameTimestamp": 6199301.758,
  "FrameTransferDuration": 17.46
}