{
  "FrameComputationDuration": 47.27730899901508,
  "FrameDuration": 77.4786289986223,
  "FrameIndex": 804,
  "FrameTimestamp": 6199798.641,
  "FrameTransferDuration": 14.5446
}