{
  "FrameComputationDuration": 46.08584000000701,
  "FrameDuration": 78.05561200156808,
  "FrameIndex": 813,
  "FrameTimestamp": 6201287.250999999,
  "FrameTransferDuration": 16.9354
}