{
  "FrameComputationDuration": 46.15444699982618,
  "FrameDuration": 79.40285400021821,
  "FrameIndex": 802,
  "FrameTimestamp": 6199463.3610000005,
  "FrameTransferDuration": 17.2256
}