{
  "FrameComputationDuration": 46.33943499899033,
  "FrameDuration": 78.15327400062233,
  "FrameIndex": 805,
  "FrameTimestamp": 6199960.246,
  "FrameTransferDuration": 17.6911
}