{
  "FrameComputationDuration": 46.21978899931855,
  "FrameDuration": 76.9810040006414,
  "FrameIndex": 806,
  "FrameTimestamp": 6200128.9229999995,
  "FrameTransferDuration": 17.4267
}