{
  "FrameComputationDuration": 46.184845999967365,
  "FrameDuration": 79.1746350005269,
  "FrameIndex": 799,
  "FrameTimestamp": 6198966.5709999995,
  "FrameTransferDuration": 21.0821
}