{
  "FrameComputationDuration": 45.90389099969616,
  "FrameDuration": 78.51019599940628,
  "FrameIndex": 812,
  "FrameTimestamp": 6201119.618,
  "FrameTransferDuration": 14.3766
}