{
  "FrameComputationDuration": 46.23825300070894,
  "FrameDuration": 79.24685700051486,
  "FrameIndex": 808,
  "FrameTimestamp": 6200458.132,
  "FrameTransferDuration": 15.0259
}