{
  "FrameComputationDuration": 46.19515000048705,
  "FrameDuration": 83.36970499996096,
  "FrameIndex": 811,
  "FrameTimestamp": 6200959.000999999,
  "FrameTransferDuration": 16.8743
}