{
  "FrameComputationDuration": 46.163725999322196,
  "FrameDuration": 76.910892999731,
  "FrameIndex": 810,
  "FrameTimestamp": 6200792.391,
  "FrameTransferDuration": 17.434
}