{
  "FrameComputationDuration": 46.17227000059938,
  "FrameDuration": 79.3143119988963,
  "FrameIndex": 800,
  "FrameTimestamp": 6199130.158999999,
  "FrameTransferDuration": 14.8577
}