{
  "FrameComputationDuration": 46.28647599952092,
  "FrameDuration": 78.44155699945986,
  "FrameIndex": 803,
  "FrameTimestamp": 6199629.035999999,
  "FrameTransferDuration": 16.8189
}