{
  "FrameComputationDuration": 46.14350200052286,
  "FrameDuration": 84.22159499954432,
  "FrameIndex": 807,
  "FrameTimestamp": 6200294.531999999,
  "FrameTransferDuration": 17.1205
}