{
  "FrameComputationDuration": 46.04721600139601,
  "FrameDuration": 78.13532200083137,
  "FrameIndex": 809,
  "FrameTimestamp": 6200622.765,
  "FrameTransferDuration": 17.8464
}