{
  "FrameComputationDuration": 56.05572000108077,
  "FrameDuration": 67.95955900102854,
  "FrameIndex": 1602,
  "FrameTimestamp": 15408842.816,
  "FrameTransferDuration": 20.9861
}