{
  "FrameComputationDuration": 56.38054600125179,
  "FrameDuration": 67.03140999935567,
  "FrameIndex": 1603,
  "FrameTimestamp": 15413592.989999998,
  "FrameTransferDuration": 22.1857
}