{
  "FrameComputationDuration": 55.9129979989375,
  "FrameDuration": 68.69868000037968,
  "FrameIndex": 1606,
  "FrameTimestamp": 15427846.746,
  "FrameTransferDuration": 21.3007
}