{
  "FrameComputationDuration": 54.81393700040644,
  "FrameDuration": 69.32084299810231,
  "FrameIndex": 1611,
  "FrameTimestamp": 15451601.978999998,
  "FrameTransferDuration": 21.2919
}