{
  "FrameComputationDuration": 55.20657399678021,
  "FrameDuration": 67.99900699779391,
  "FrameIndex": 1609,
  "FrameTimestamp": 15442099.461999997,
  "FrameTransferDuration": 17.3705
}