{
  "FrameComputationDuration": 54.82372999974177,
  "FrameDuration": 67.15373799949884,
  "FrameIndex": 1610,
  "FrameTimestamp": 15446850.730999999,
  "FrameTransferDuration": 20.9109
}