{
  "FrameComputationDuration": 55.6243619970046,
  "FrameDuration": 67.680549999699,
  "FrameIndex": 1607,
  "FrameTimestamp": 15432598.022,
  "FrameTransferDuration": 21.4395
}