{
  "FrameComputationDuration": 55.50631399775739,
  "FrameDuration": 67.10471700131893,
  "FrameIndex": 1608,
  "FrameTimestamp": 15437348.220999997,
  "FrameTransferDuration": 16.8795
}