{
  "FrameComputationDuration": 56.20317199936835,
  "FrameDuration": 67.13236699998379,
  "FrameIndex": 1605,
  "FrameTimestamp": 15423095.478,
  "FrameTransferDuration": 18.4461
}