{
  "FrameComputationDuration": 55.38880900031654,
  "FrameDuration": 68.41807100176811,
  "FrameIndex": 1612,
  "FrameTimestamp": 15456353.195999999,
  "FrameTransferDuration": 18.5953
}