{
  "FrameComputationDuration": 56.718325998517685,
  "FrameDuration": 68.27426399849355,
  "FrameIndex": 1613,
  "FrameTimestamp": 15461103.461,
  "FrameTransferDuration": 17.1913
}