{
  "FrameComputationDuration": 56.344962999399286,
  "FrameDuration": 67.177231002599,
  "FrameIndex": 1604,
  "FrameTimestamp": 15418344.237,
  "FrameTransferDuration": 17.9204
}