{
  "FrameComputationDuration": 55.505021998949815,
  "FrameDuration": 67.51767299883068,
  "FrameIndex": 1864,
  "FrameTimestamp": 16626706.211999997,
  "FrameTransferDuration": 15.9276
}