{
  "FrameComputationDuration": 56.69886000093538,
  "FrameDuration": 67.42797899991274,
  "FrameIndex": 1851,
  "FrameTimestamp": 16624118.116,
  "FrameTransferDuration": 18.4915
}