{
  "FrameComputationDuration": 56.72801100075594,
  "FrameDuration": 67.70493400096893,
  "FrameIndex": 1854,
  "FrameTimestamp": 16624715.715,
  "FrameTransferDuration": 18.9616
}