{
  "FrameComputationDuration": 56.560303001402644,
  "FrameDuration": 69.6574179995805,
  "FrameIndex": 1852,
  "FrameTimestamp": 16624317.621999998,
  "FrameTransferDuration": 15.2336
}