{
  "FrameComputationDuration": 56.62404499956756,
  "FrameDuration": 66.94446600228548,
  "FrameIndex": 1861,
  "FrameTimestamp": 16626108.586999997,
  "FrameTransferDuration": 15.5248
}