{
  "FrameComputationDuration": 56.579437998414505,
  "FrameDuration": 67.37117900140584,
  "FrameIndex": 1850,
  "FrameTimestamp": 16623918.583,
  "FrameTransferDuration": 19.9823
}