{
  "FrameComputationDuration": 56.78679400100373,
  "FrameDuration": 67.7053190022707,
  "FrameIndex": 1858,
  "FrameTimestamp": 16625511.915,
  "FrameTransferDuration": 18.8203
}