{
  "FrameComputationDuration": 56.09563699923456,
  "FrameDuration": 67.7426619976759,
  "FrameIndex": 1862,
  "FrameTimestamp": 16626308.103999998,
  "FrameTransferDuration": 18.0026
}