{
  "FrameComputationDuration": 55.94719100111979,
  "FrameDuration": 67.21716600097716,
  "FrameIndex": 1870,
  "FrameTimestamp": 16627902.496,
  "FrameTransferDuration": 20.647
}