{
  "FrameComputationDuration": 56.68141999974614,
  "FrameDuration": 67.57303299941123,
  "FrameIndex": 1859,
  "FrameTimestamp": 16625710.5,
  "FrameTransferDuration": 18.323
}