{
  "FrameComputationDuration": 54.33432000101311,
  "FrameDuration": 67.29854000173509,
  "FrameIndex": 1867,
  "FrameTimestamp": 16627303.897999998,
  "FrameTransferDuration": 17.2434
}