{
  "FrameComputationDuration": 53.95474099655985,
  "FrameDuration": 68.15568000078201,
  "FrameIndex": 1868,
  "FrameTimestamp": 16627503.421,
  "FrameTransferDuration": 13.6861
}