{
  "FrameComputationDuration": 54.93155899900012,
  "FrameDuration": 67.31511600129306,
  "FrameIndex": 1869,
  "FrameTimestamp": 16627702.987999998,
  "FrameTransferDuration": 14.307
}