{
  "FrameComputationDuration": 57.27126799989492,
  "FrameDuration": 68.2740140017122,
  "FrameIndex": 1860,
  "FrameTimestamp": 16625910.053999998,
  "FrameTransferDuration": 15.1039
}