{
  "FrameComputationDuration": 55.49647800193634,
  "FrameDuration": 66.81646799854934,
  "FrameIndex": 1863,
  "FrameTimestamp": 16626506.700999998,
  "FrameTransferDuration": 17.6587
}