{
  "FrameComputationDuration": 55.97323899841285,
  "FrameDuration": 66.81550799869001,
  "FrameIndex": 1865,
  "FrameTimestamp": 16626904.798999999,
  "FrameTransferDuration": 16.6167
}