{
  "FrameComputationDuration": 57.12330200118595,
  "FrameDuration": 67.43927500024438,
  "FrameIndex": 1855,
  "FrameTimestamp": 16624914.296,
  "FrameTransferDuration": 18.8552
}