{
  "FrameComputationDuration": 56.80807399688638,
  "FrameDuration": 68.05728199891746,
  "FrameIndex": 1853,
  "FrameTimestamp": 16624516.197999999,
  "FrameTransferDuration": 15.6741
}