{
  "FrameComputationDuration": 55.511229998170165,
  "FrameDuration": 67.17959799803793,
  "FrameIndex": 1866,
  "FrameTimestamp": 16627104.314999998,
  "FrameTransferDuration": 17.2588
}