{
  "FrameComputationDuration": 56.423375997750554,
  "FrameDuration": 67.01025700010359,
  "FrameIndex": 1856,
  "FrameTimestamp": 16625112.827999998,
  "FrameTransferDuration": 15.4974
}