{
  "FrameComputationDuration": 56.439343999431,
  "FrameDuration": 67.84006899781525,
  "FrameIndex": 1857,
  "FrameTimestamp": 16625312.417999998,
  "FrameTransferDuration": 15.6273
}