{
  "FrameComputationDuration": 56.29654199484503,
  "FrameDuration": 67.40137599781156,
  "FrameIndex": 3710,
  "FrameTimestamp": 30580310.474999998,
  "FrameTransferDuration": 23.0632
}