{
  "FrameComputationDuration": 56.19462299911538,
  "FrameDuration": 68.09141399338841,
  "FrameIndex": 3706,
  "FrameTimestamp": 30579799.642,
  "FrameTransferDuration": 19.2872
}