{
  "FrameComputationDuration": 57.606699001800735,
  "FrameDuration": 69.53104100003839,
  "FrameIndex": 3707,
  "FrameTimestamp": 30579927.362,
  "FrameTransferDuration": 23.3526
}