{
  "FrameComputationDuration": 56.64280900236918,
  "FrameDuration": 68.16949200257659,
  "FrameIndex": 3724,
  "FrameTimestamp": 30582095.400000002,
  "FrameTransferDuration": 15.4714
}