{
  "FrameComputationDuration": 56.57391399901826,
  "FrameDuration": 67.7729860022664,
  "FrameIndex": 3720,
  "FrameTimestamp": 30581585.582,
  "FrameTransferDuration": 13.4431
}