{
  "FrameComputationDuration": 56.5165070000221,
  "FrameDuration": 68.13246899843216,
  "FrameIndex": 3715,
  "FrameTimestamp": 30580948.021999996,
  "FrameTransferDuration": 18.6533
}