{
  "FrameComputationDuration": 56.385595998959616,
  "FrameDuration": 68.03720699995756,
  "FrameIndex": 3719,
  "FrameTimestamp": 30581457.891,
  "FrameTransferDuration": 18.0745
}