{
  "FrameComputationDuration": 56.4832910009427,
  "FrameDuration": 67.76050700247288,
  "FrameIndex": 3714,
  "FrameTimestamp": 30580821.326999996,
  "FrameTransferDuration": 18.891
}