{
  "FrameComputationDuration": 56.21657500293804,
  "FrameDuration": 67.36070400103927,
  "FrameIndex": 3709,
  "FrameTimestamp": 30580181.76,
  "FrameTransferDuration": 18.5808
}