{
  "FrameComputationDuration": 56.31180600175867,
  "FrameDuration": 68.22296399995685,
  "FrameIndex": 3712,
  "FrameTimestamp": 30580565.873,
  "FrameTransferDuration": 17.8673
}