{
  "FrameComputationDuration": 56.51266700431006,
  "FrameDuration": 66.74077700078487,
  "FrameIndex": 3717,
  "FrameTimestamp": 30581202.440999996,
  "FrameTransferDuration": 15.424
}