{
  "FrameComputationDuration": 56.55343399971025,
  "FrameDuration": 68.00437500327826,
  "FrameIndex": 3716,
  "FrameTimestamp": 30581075.708,
  "FrameTransferDuration": 14.7805
}