{
  "FrameComputationDuration": 56.40585300012026,
  "FrameDuration": 66.64426699653268,
  "FrameIndex": 3725,
  "FrameTimestamp": 30582222.132999998,
  "FrameTransferDuration": 15.8401
}