{
  "FrameComputationDuration": 56.31555000023218,
  "FrameDuration": 68.10520499572158,
  "FrameIndex": 3718,
  "FrameTimestamp": 30581330.158999998,
  "FrameTransferDuration": 18.9296
}