{
  "FrameComputationDuration": 56.28534200473223,
  "FrameDuration": 67.77465000003576,
  "FrameIndex": 3702,
  "FrameTimestamp": 30579289.844,
  "FrameTransferDuration": 20.9248
}