{
  "FrameComputationDuration": 56.38310000207275,
  "FrameDuration": 67.03178099915385,
  "FrameIndex": 3705,
  "FrameTimestamp": 30579671.903,
  "FrameTransferDuration": 15.652
}