{
  "FrameComputationDuration": 56.70364000106929,
  "FrameDuration": 67.11146000400186,
  "FrameIndex": 3721,
  "FrameTimestamp": 30581712.296,
  "FrameTransferDuration": 15.6364
}