{
  "FrameComputationDuration": 56.264318998204544,
  "FrameDuration": 67.900279995054,
  "FrameIndex": 3722,
  "FrameTimestamp": 30581841.009,
  "FrameTransferDuration": 19.6132
}