{
  "FrameComputationDuration": 56.412124002643395,
  "FrameDuration": 69.12138300016522,
  "FrameIndex": 3704,
  "FrameTimestamp": 30579545.196,
  "FrameTransferDuration": 14.5124
}