{
  "FrameComputationDuration": 56.221854997915216,
  "FrameDuration": 67.94280799850821,
  "FrameIndex": 3713,
  "FrameTimestamp": 30580693.623,
  "FrameTransferDuration": 17.3798
}