{
  "FrameComputationDuration": 56.29970999946818,
  "FrameDuration": 68.76503700390458,
  "FrameIndex": 3708,
  "FrameTimestamp": 30580055.029999997,
  "FrameTransferDuration": 17.4682
}