{
  "FrameComputationDuration": 56.543386999343056,
  "FrameDuration": 68.37073799595237,
  "FrameIndex": 3711,
  "FrameTimestamp": 30580438.201999996,
  "FrameTransferDuration": 22.1847
}