{
  "FrameComputationDuration": 56.787991001212504,
  "FrameDuration": 67.74415500089526,
  "FrameIndex": 3723,
  "FrameTimestamp": 30581967.702999998,
  "FrameTransferDuration": 19.0082
}