{
  "FrameComputationDuration": 56.468444001919124,
  "FrameDuration": 69.06611999869347,
  "FrameIndex": 3703,
  "FrameTimestamp": 30579417.525000002,
  "FrameTransferDuration": 22.4603
}