{
  "FrameComputationDuration": 57.1658100032364,
  "FrameDuration": 68.4130729995668,
  "FrameIndex": 3726,
  "FrameTimestamp": 30582350.882999998,
  "FrameTransferDuration": 19.647
}