{
  "FrameComputationDuration": 57.62532300455496,
  "FrameDuration": 68.14750899374485,
  "FrameIndex": 3727,
  "FrameTimestamp": 30582477.558000002,
  "FrameTransferDuration": 19.6754
}