{
  "FrameComputationDuration": 56.44627299590502,
  "FrameDuration": 67.53110200166702,
  "FrameIndex": 2929,
  "FrameTimestamp": 28491215.94,
  "FrameTransferDuration": 20.2826
}