{
  "FrameComputationDuration": 56.16976499732118,
  "FrameDuration": 67.6523799970746,
  "FrameIndex": 2918,
  "FrameTimestamp": 28454635.756999996,
  "FrameTransferDuration": 15.7977
}