{
  "FrameComputationDuration": 56.437568991910666,
  "FrameDuration": 67.16384300217032,
  "FrameIndex": 2921,
  "FrameTimestamp": 28464612.16,
  "FrameTransferDuration": 19.3032
}