{
  "FrameComputationDuration": 56.80060299957404,
  "FrameDuration": 67.14422700554132,
  "FrameIndex": 2926,
  "FrameTimestamp": 28481239.539,
  "FrameTransferDuration": 17.4133
}