{
  "FrameComputationDuration": 56.92821700469358,
  "FrameDuration": 69.65410999581218,
  "FrameIndex": 2930,
  "FrameTimestamp": 28494542.411999997,
  "FrameTransferDuration": 16.8511
}