{
  "FrameComputationDuration": 56.339618001598865,
  "FrameDuration": 67.12138000130653,
  "FrameIndex": 2925,
  "FrameTimestamp": 28477914.061999995,
  "FrameTransferDuration": 19.9188
}