{
  "FrameComputationDuration": 56.55228700011503,
  "FrameDuration": 67.25488200038671,
  "FrameIndex": 2924,
  "FrameTimestamp": 28474588.613,
  "FrameTransferDuration": 20.363
}