{
  "FrameComputationDuration": 56.371010002156254,
  "FrameDuration": 68.63534200191498,
  "FrameIndex": 2923,
  "FrameTimestamp": 28471264.109,
  "FrameTransferDuration": 16.699
}