{
  "FrameComputationDuration": 56.657661996548995,
  "FrameDuration": 67.27686500176787,
  "FrameIndex": 2927,
  "FrameTimestamp": 28484564.995,
  "FrameTransferDuration": 17.0237
}