{
  "FrameComputationDuration": 56.55084700288717,
  "FrameDuration": 67.14368300139904,
  "FrameIndex": 2920,
  "FrameTimestamp": 28461286.675,
  "FrameTransferDuration": 20.1063
}