{
  "FrameComputationDuration": 56.81609099794878,
  "FrameDuration": 67.1258920058608,
  "FrameIndex": 2928,
  "FrameTimestamp": 28487890.462999996,
  "FrameTransferDuration": 20.741
}