{
  "FrameComputationDuration": 56.378754000819754,
  "FrameDuration": 70.78587000444531,
  "FrameIndex": 2916,
  "FrameTimestamp": 28447985.856999997,
  "FrameTransferDuration": 20.577
}