{
  "FrameComputationDuration": 56.4973430018872,
  "FrameDuration": 67.62415500357747,
  "FrameIndex": 2932,
  "FrameTimestamp": 28501192.381,
  "FrameTransferDuration": 20.8242
}