{
  "FrameComputationDuration": 56.392512996913865,
  "FrameDuration": 69.51526400446892,
  "FrameIndex": 2922,
  "FrameTimestamp": 28467937.649,
  "FrameTransferDuration": 15.7972
}