{
  "FrameComputationDuration": 57.008344002766535,
  "FrameDuration": 67.2808969989419,
  "FrameIndex": 2931,
  "FrameTimestamp": 28497866.941999998,
  "FrameTransferDuration": 17.5872
}