{
  "FrameComputationDuration": 56.93004200194264,
  "FrameDuration": 67.15469099581242,
  "FrameIndex": 2917,
  "FrameTimestamp": 28451310.315999996,
  "FrameTransferDuration": 19.8865
}