{
  "FrameComputationDuration": 56.43113699485548,
  "FrameDuration": 67.62601200118661,
  "FrameIndex": 2919,
  "FrameTimestamp": 28457961.235999998,
  "FrameTransferDuration": 16.6119
}