{
  "FrameComputationDuration": 108.55752899946674,
  "FrameDuration": 570.1034560007975,
  "FrameIndex": 1383,
  "FrameTimestamp": 8062523.28,
  "FrameTransferDuration": 66.7375
}