{
  "FrameComputationDuration": 109.66611800027749,
  "FrameDuration": 566.4344140002504,
  "FrameIndex": 1387,
  "FrameTimestamp": 8082473.874999999,
  "FrameTransferDuration": 65.3637
}