{
  "FrameComputationDuration": 108.20121100021788,
  "FrameDuration": 564.701572000049,
  "FrameIndex": 1389,
  "FrameTimestamp": 8092448.3,
  "FrameTransferDuration": 64.833
}