{
  "FrameComputationDuration": 164.36919599968678,
  "FrameDuration": 572.3768229996786,
  "FrameIndex": 1386,
  "FrameTimestamp": 8077486.158999999,
  "FrameTransferDuration": 65.6246
}