{
  "FrameComputationDuration": 108.64655100178061,
  "FrameDuration": 566.745616001077,
  "FrameIndex": 1384,
  "FrameTimestamp": 8067506.736999999,
  "FrameTransferDuration": 66.7192
}