{
  "FrameComputationDuration": 108.55640700035292,
  "FrameDuration": 565.4884109999985,
  "FrameIndex": 1388,
  "FrameTimestamp": 8087460.574,
  "FrameTransferDuration": 64.6703
}