{
  "FrameComputationDuration": 163.72347800124408,
  "FrameDuration": 572.5071270009503,
  "FrameIndex": 1385,
  "FrameTimestamp": 8072497.486999999,
  "FrameTransferDuration": 65.9642
}