{
  "FrameComputationDuration": 56.86718500123243,
  "FrameDuration": 67.75780700333416,
  "FrameIndex": 2050,
  "FrameTimestamp": 17867695.371,
  "FrameTransferDuration": 23.5554
}