{
  "FrameComputationDuration": 56.77828999818303,
  "FrameDuration": 68.47731599584222,
  "FrameIndex": 2047,
  "FrameTimestamp": 17867308.222999997,
  "FrameTransferDuration": 14.9408
}