{
  "FrameComputationDuration": 55.58067599698552,
  "FrameDuration": 68.21447199769318,
  "FrameIndex": 2065,
  "FrameTimestamp": 17869633.991,
  "FrameTransferDuration": 17.3086
}