{
  "FrameComputationDuration": 56.59858100389829,
  "FrameDuration": 67.59176099859178,
  "FrameIndex": 2054,
  "FrameTimestamp": 17868212.200999998,
  "FrameTransferDuration": 17.8398
}