{
  "FrameComputationDuration": 56.84372899829759,
  "FrameDuration": 67.7864459939301,
  "FrameIndex": 2045,
  "FrameTimestamp": 17867049.862999998,
  "FrameTransferDuration": 20.4001
}