{
  "FrameComputationDuration": 56.75141099985922,
  "FrameDuration": 70.66921899840236,
  "FrameIndex": 2046,
  "FrameTimestamp": 17867178.562999997,
  "FrameTransferDuration": 19.1336
}