{
  "FrameComputationDuration": 56.74869100167416,
  "FrameDuration": 70.91599900089204,
  "FrameIndex": 2062,
  "FrameTimestamp": 17869245.876,
  "FrameTransferDuration": 21.5938
}