{
  "FrameComputationDuration": 55.07991499901982,
  "FrameDuration": 67.59265600703657,
  "FrameIndex": 2069,
  "FrameTimestamp": 17870148.849,
  "FrameTransferDuration": 20.6748
}