{
  "FrameComputationDuration": 56.87044900015462,
  "FrameDuration": 66.96629800088704,
  "FrameIndex": 2061,
  "FrameTimestamp": 17869116.154999997,
  "FrameTransferDuration": 22.3525
}