{
  "FrameComputationDuration": 56.5619100012118,
  "FrameDuration": 67.59425599873066,
  "FrameIndex": 2058,
  "FrameTimestamp": 17868729.064999998,
  "FrameTransferDuration": 18.9949
}