{
  "FrameComputationDuration": 57.73225900097168,
  "FrameDuration": 67.87530900351703,
  "FrameIndex": 2049,
  "FrameTimestamp": 17867566.691,
  "FrameTransferDuration": 19.3096
}