{
  "FrameComputationDuration": 56.6115410005732,
  "FrameDuration": 67.41170000098646,
  "FrameIndex": 2052,
  "FrameTimestamp": 17867953.798,
  "FrameTransferDuration": 15.7751
}