{
  "FrameComputationDuration": 55.95257399728871,
  "FrameDuration": 68.56109000369906,
  "FrameIndex": 2063,
  "FrameTimestamp": 17869375.564,
  "FrameTransferDuration": 17.7952
}