{
  "FrameComputationDuration": 54.39067700097803,
  "FrameDuration": 67.18530299887061,
  "FrameIndex": 2066,
  "FrameTimestamp": 17869761.704,
  "FrameTransferDuration": 17.4769
}