{
  "FrameComputationDuration": 56.833297000674065,
  "FrameDuration": 67.64024100266397,
  "FrameIndex": 2060,
  "FrameTimestamp": 17868987.476999998,
  "FrameTransferDuration": 18.9368
}