{
  "FrameComputationDuration": 56.4613349987776,
  "FrameDuration": 67.84910099767148,
  "FrameIndex": 2048,
  "FrameTimestamp": 17867436.976999998,
  "FrameTransferDuration": 15.7361
}