{
  "FrameComputationDuration": 56.67810000258032,
  "FrameDuration": 68.59670599736273,
  "FrameIndex": 2051,
  "FrameTimestamp": 17867825.086,
  "FrameTransferDuration": 15.3956
}