{
  "FrameComputationDuration": 56.8530409996456,
  "FrameDuration": 67.6607839986682,
  "FrameIndex": 2055,
  "FrameTimestamp": 17868340.917999998,
  "FrameTransferDuration": 17.3982
}