{
  "FrameComputationDuration": 56.83032199984882,
  "FrameDuration": 67.1953830011189,
  "FrameIndex": 2056,
  "FrameTimestamp": 17868469.63,
  "FrameTransferDuration": 15.1301
}