{
  "FrameComputationDuration": 54.92721400273149,
  "FrameDuration": 68.5694740023464,
  "FrameIndex": 2071,
  "FrameTimestamp": 17870406.244,
  "FrameTransferDuration": 14.8434
}