{
  "FrameComputationDuration": 53.89868499757722,
  "FrameDuration": 68.27939900569618,
  "FrameIndex": 2067,
  "FrameTimestamp": 17869891.412,
  "FrameTransferDuration": 13.8819
}