{
  "FrameComputationDuration": 56.941871999471914,
  "FrameDuration": 69.05842699855566,
  "FrameIndex": 2053,
  "FrameTimestamp": 17868082.503999997,
  "FrameTransferDuration": 18.9453
}