{
  "FrameComputationDuration": 56.551541998866014,
  "FrameDuration": 67.413459001109,
  "FrameIndex": 2059,
  "FrameTimestamp": 17868858.752,
  "FrameTransferDuration": 18.1647
}