{
  "FrameComputationDuration": 54.340471000468824,
  "FrameDuration": 67.42350700311363,
  "FrameIndex": 2068,
  "FrameTimestamp": 17870019.132999998,
  "FrameTransferDuration": 14.4473
}