{
  "FrameComputationDuration": 56.75550599655253,
  "FrameDuration": 69.09410700015724,
  "FrameIndex": 2057,
  "FrameTimestamp": 17868600.333,
  "FrameTransferDuration": 19.4376
}