{
  "FrameComputationDuration": 55.86844800275867,
  "FrameDuration": 67.93060300685465,
  "FrameIndex": 2064,
  "FrameTimestamp": 17869504.31,
  "FrameTransferDuration": 15.0824
}