{
  "FrameComputationDuration": 54.89838199631777,
  "FrameDuration": 69.26677600108087,
  "FrameIndex": 2070,
  "FrameTimestamp": 17870277.553,
  "FrameTransferDuration": 20.8672
}