{
  "FrameComputationDuration": 61.685119999572635,
  "FrameDuration": 70.36316500231624,
  "FrameIndex": 2393,
  "FrameTimestamp": 18501465.871999998,
  "FrameTransferDuration": 21.647
}