{
  "FrameComputationDuration": 72.06512400050997,
  "FrameDuration": 68.17532600089908,
  "FrameIndex": 2392,
  "FrameTimestamp": 18501370.143,
  "FrameTransferDuration": 20.7116
}