{
  "FrameComputationDuration": 62.05618600329035,
  "FrameDuration": 67.33655499666929,
  "FrameIndex": 2388,
  "FrameTimestamp": 18500988.013,
  "FrameTransferDuration": 19.2154
}