{
  "FrameComputationDuration": 59.27254799686489,
  "FrameDuration": 67.97360200062394,
  "FrameIndex": 2403,
  "FrameTimestamp": 18502422.753999997,
  "FrameTransferDuration": 20.0575
}