{
  "FrameComputationDuration": 59.45676899707178,
  "FrameDuration": 69.0155059993267,
  "FrameIndex": 2401,
  "FrameTimestamp": 18502232.224999998,
  "FrameTransferDuration": 22.9581
}