{
  "FrameComputationDuration": 69.11358400344034,
  "FrameDuration": 67.83693100512028,
  "FrameIndex": 2390,
  "FrameTimestamp": 18501179.619999997,
  "FrameTransferDuration": 17.0606
}