{
  "FrameComputationDuration": 56.395472000469454,
  "FrameDuration": 68.53132099658251,
  "FrameIndex": 2407,
  "FrameTimestamp": 18502804.873999998,
  "FrameTransferDuration": 18.9085
}