{
  "FrameComputationDuration": 56.76426600443665,
  "FrameDuration": 69.4205549955368,
  "FrameIndex": 2384,
  "FrameTimestamp": 18500605.855,
  "FrameTransferDuration": 21.3386
}