{
  "FrameComputationDuration": 65.15642799789202,
  "FrameDuration": 68.34140399470925,
  "FrameIndex": 2408,
  "FrameTimestamp": 18502899.706,
  "FrameTransferDuration": 21.4141
}