{
  "FrameComputationDuration": 59.8154509961023,
  "FrameDuration": 68.12956700101495,
  "FrameIndex": 2405,
  "FrameTimestamp": 18502613.319,
  "FrameTransferDuration": 22.1803
}