{
  "FrameComputationDuration": 60.398227002006024,
  "FrameDuration": 69.72067900002003,
  "FrameIndex": 2402,
  "FrameTimestamp": 18502328.987999998,
  "FrameTransferDuration": 18.5146
}