{
  "FrameComputationDuration": 79.94602999975905,
  "FrameDuration": 67.2551479935646,
  "FrameIndex": 2398,
  "FrameTimestamp": 18501944.853,
  "FrameTransferDuration": 19.8099
}