{
  "FrameComputationDuration": 59.965274000918726,
  "FrameDuration": 68.39583500474691,
  "FrameIndex": 2399,
  "FrameTimestamp": 18502041.603,
  "FrameTransferDuration": 20.1981
}