{
  "FrameComputationDuration": 76.6577589957451,
  "FrameDuration": 68.28892400115728,
  "FrameIndex": 2385,
  "FrameTimestamp": 18500701.658999998,
  "FrameTransferDuration": 24.9149
}