{
  "FrameComputationDuration": 62.70692899750429,
  "FrameDuration": 68.70165399461985,
  "FrameIndex": 2406,
  "FrameTimestamp": 18502709.104,
  "FrameTransferDuration": 17.1665
}