{
  "FrameComputationDuration": 59.79660400180728,
  "FrameDuration": 67.70125300064683,
  "FrameIndex": 2391,
  "FrameTimestamp": 18501274.321,
  "FrameTransferDuration": 40.2225
}