{
  "FrameComputationDuration": 74.7192589979968,
  "FrameDuration": 68.57570399716496,
  "FrameIndex": 2404,
  "FrameTimestamp": 18502518.586999997,
  "FrameTransferDuration": 22.7133
}