{
  "FrameComputationDuration": 62.60398600139888,
  "FrameDuration": 67.86371499672532,
  "FrameIndex": 2386,
  "FrameTimestamp": 18500796.485999998,
  "FrameTransferDuration": 17.8375
}