{
  "FrameComputationDuration": 61.56333000192535,
  "FrameDuration": 67.75562100112438,
  "FrameIndex": 2395,
  "FrameTimestamp": 18501657.54,
  "FrameTransferDuration": 16.0099
}