{
  "FrameComputationDuration": 60.40312299985089,
  "FrameDuration": 68.11033499985933,
  "FrameIndex": 2394,
  "FrameTimestamp": 18501561.704,
  "FrameTransferDuration": 18.8539
}