{
  "FrameComputationDuration": 62.24987900140695,
  "FrameDuration": 68.39839500188828,
  "FrameIndex": 2400,
  "FrameTimestamp": 18502139.422,
  "FrameTransferDuration": 23.1571
}