{
  "FrameComputationDuration": 60.014457002223935,
  "FrameDuration": 67.82269099727273,
  "FrameIndex": 2397,
  "FrameTimestamp": 18501849.068,
  "FrameTransferDuration": 21.8344
}