{
  "FrameComputationDuration": 59.912954999133945,
  "FrameDuration": 68.4262659996748,
  "FrameIndex": 2387,
  "FrameTimestamp": 18500893.198,
  "FrameTransferDuration": 19.2636
}