{
  "FrameComputationDuration": 60.64763099956326,
  "FrameDuration": 68.32786799967289,
  "FrameIndex": 2396,
  "FrameTimestamp": 18501753.435999997,
  "FrameTransferDuration": 18.8225
}