{
  "FrameComputationDuration": 60.515761000162456,
  "FrameDuration": 66.68949299678206,
  "FrameIndex": 2389,
  "FrameTimestamp": 18501083.843,
  "FrameTransferDuration": 19.7354
}