{
  "FrameComputationDuration": 56.435650002153125,
  "FrameDuration": 67.66374099999666,
  "FrameIndex": 2898,
  "FrameTimestamp": 28333975.863,
  "FrameTransferDuration": 15.7836
}