{
  "FrameComputationDuration": 56.61004800081719,
  "FrameDuration": 67.53046200424433,
  "FrameIndex": 2907,
  "FrameTimestamp": 28378871.227999996,
  "FrameTransferDuration": 17.1413
}