{
  "FrameComputationDuration": 56.34665899683023,
  "FrameDuration": 69.61433700099587,
  "FrameIndex": 2900,
  "FrameTimestamp": 28343952.249,
  "FrameTransferDuration": 20.1332
}