{
  "FrameComputationDuration": 57.64795200165827,
  "FrameDuration": 67.69746799767017,
  "FrameIndex": 2906,
  "FrameTimestamp": 28373882.549,
  "FrameTransferDuration": 16.4493
}