{
  "FrameComputationDuration": 56.64703899726737,
  "FrameDuration": 67.94469599798322,
  "FrameIndex": 2909,
  "FrameTimestamp": 28388847.715,
  "FrameTransferDuration": 20.4704
}