{
  "FrameComputationDuration": 56.37629100208869,
  "FrameDuration": 67.66066899523139,
  "FrameIndex": 2899,
  "FrameTimestamp": 28338964.557,
  "FrameTransferDuration": 16.5938
}