{
  "FrameComputationDuration": 56.15587699832395,
  "FrameDuration": 67.41379199922085,
  "FrameIndex": 2911,
  "FrameTimestamp": 28398824.06,
  "FrameTransferDuration": 16.8893
}