{
  "FrameComputationDuration": 56.44048199639656,
  "FrameDuration": 67.52118299528956,
  "FrameIndex": 2902,
  "FrameTimestamp": 28353929.705999997,
  "FrameTransferDuration": 16.3608
}