{
  "FrameComputationDuration": 57.14571899996372,
  "FrameDuration": 67.9318320043385,
  "FrameIndex": 2910,
  "FrameTimestamp": 28393836.348999996,
  "FrameTransferDuration": 16.9579
}