{
  "FrameComputationDuration": 56.361731003038585,
  "FrameDuration": 67.2501150034368,
  "FrameIndex": 2904,
  "FrameTimestamp": 28363906.091000002,
  "FrameTransferDuration": 20.3255
}