{
  "FrameComputationDuration": 56.48979300126666,
  "FrameDuration": 67.26518700644374,
  "FrameIndex": 2901,
  "FrameTimestamp": 28348940.988999996,
  "FrameTransferDuration": 19.5874
}