{
  "FrameComputationDuration": 56.32889999815961,
  "FrameDuration": 68.38785899803042,
  "FrameIndex": 2896,
  "FrameTimestamp": 28323999.488999996,
  "FrameTransferDuration": 20.2888
}