{
  "FrameComputationDuration": 56.67993500648299,
  "FrameDuration": 67.91439299657941,
  "FrameIndex": 2905,
  "FrameTimestamp": 28368894.816999998,
  "FrameTransferDuration": 19.9094
}