{
  "FrameComputationDuration": 56.60947199771181,
  "FrameDuration": 68.98090600594878,
  "FrameIndex": 2897,
  "FrameTimestamp": 28328987.127,
  "FrameTransferDuration": 19.8944
}