{
  "FrameComputationDuration": 56.72473299637204,
  "FrameDuration": 67.1518120020628,
  "FrameIndex": 2908,
  "FrameTimestamp": 28383858.965,
  "FrameTransferDuration": 21.1686
}