{
  "FrameComputationDuration": 56.41072299476946,
  "FrameDuration": 67.64156500250101,
  "FrameIndex": 2903,
  "FrameTimestamp": 28358918.389999997,
  "FrameTransferDuration": 16.6155
}