{
  "FrameComputationDuration": 56.946894001594046,
  "FrameDuration": 67.94500200077891,
  "FrameIndex": 1787,
  "FrameTimestamp": 16343935.257,
  "FrameTransferDuration": 15.7752
}