{
  "FrameComputationDuration": 56.88049600296654,
  "FrameDuration": 67.2617160025984,
  "FrameIndex": 1791,
  "FrameTimestamp": 16345041.741999999,
  "FrameTransferDuration": 15.5954
}