{
  "FrameComputationDuration": 54.964203997777076,
  "FrameDuration": 69.96631600148976,
  "FrameIndex": 1801,
  "FrameTimestamp": 16347805.480999999,
  "FrameTransferDuration": 16.8783
}