{
  "FrameComputationDuration": 56.19916199854924,
  "FrameDuration": 67.32769999839365,
  "FrameIndex": 1794,
  "FrameTimestamp": 16345870.893,
  "FrameTransferDuration": 14.388
}