{
  "FrameComputationDuration": 56.605587000231026,
  "FrameDuration": 69.20556000247598,
  "FrameIndex": 1790,
  "FrameTimestamp": 16344765.360999998,
  "FrameTransferDuration": 15.2125
}