{
  "FrameComputationDuration": 55.96946899907198,
  "FrameDuration": 67.23909399844706,
  "FrameIndex": 1795,
  "FrameTimestamp": 16346147.261,
  "FrameTransferDuration": 14.5752
}