{
  "FrameComputationDuration": 57.203946998604806,
  "FrameDuration": 68.10429599881172,
  "FrameIndex": 1785,
  "FrameTimestamp": 16343382.503999997,
  "FrameTransferDuration": 18.3784
}