{
  "FrameComputationDuration": 55.551139000745025,
  "FrameDuration": 67.21499700285494,
  "FrameIndex": 1798,
  "FrameTimestamp": 16346976.362999998,
  "FrameTransferDuration": 13.8844
}