{
  "FrameComputationDuration": 56.730225001461804,
  "FrameDuration": 67.29067600145936,
  "FrameIndex": 1792,
  "FrameTimestamp": 16345318.125,
  "FrameTransferDuration": 19.2432
}