{
  "FrameComputationDuration": 55.043946998164756,
  "FrameDuration": 67.31589199975133,
  "FrameIndex": 1799,
  "FrameTimestamp": 16347252.737999998,
  "FrameTransferDuration": 14.2344
}