{
  "FrameComputationDuration": 56.803601001243806,
  "FrameDuration": 67.7083980012685,
  "FrameIndex": 1789,
  "FrameTimestamp": 16344488.989,
  "FrameTransferDuration": 18.7373
}