{
  "FrameComputationDuration": 56.30034400106524,
  "FrameDuration": 67.17669399827719,
  "FrameIndex": 1793,
  "FrameTimestamp": 16345594.505999997,
  "FrameTransferDuration": 18.2257
}