{
  "FrameComputationDuration": 57.04030100264936,
  "FrameDuration": 67.83441200107336,
  "FrameIndex": 1784,
  "FrameTimestamp": 16343105.186999999,
  "FrameTransferDuration": 19.9688
}