{
  "FrameComputationDuration": 56.82369599927915,
  "FrameDuration": 70.53306000307202,
  "FrameIndex": 1786,
  "FrameTimestamp": 16343658.871,
  "FrameTransferDuration": 15.4267
}