{
  "FrameComputationDuration": 56.642675001203315,
  "FrameDuration": 68.27149400115013,
  "FrameIndex": 1788,
  "FrameTimestamp": 16344212.614999998,
  "FrameTransferDuration": 18.8595
}