{
  "FrameComputationDuration": 56.275479997711955,
  "FrameDuration": 67.23922100104392,
  "FrameIndex": 1796,
  "FrameTimestamp": 16346423.628999997,
  "FrameTransferDuration": 17.7388
}