{
  "FrameComputationDuration": 54.83342200089828,
  "FrameDuration": 67.16299800015986,
  "FrameIndex": 1800,
  "FrameTimestamp": 16347529.095999997,
  "FrameTransferDuration": 17.2995
}