{
  "FrameComputationDuration": 55.63257800092106,
  "FrameDuration": 67.26488500274718,
  "FrameIndex": 1797,
  "FrameTimestamp": 16346699.98,
  "FrameTransferDuration": 17.867
}