{
  "FrameComputationDuration": 55.37279399688123,
  "FrameDuration": 69.76364799961448,
  "FrameIndex": 2040,
  "FrameTimestamp": 17254473.406999998,
  "FrameTransferDuration": 13.8045
}