{
  "FrameComputationDuration": 54.91798499788274,
  "FrameDuration": 68.06367499940097,
  "FrameIndex": 2031,
  "FrameTimestamp": 17253194.395,
  "FrameTransferDuration": 21.1311
}