{
  "FrameComputationDuration": 54.715971999568865,
  "FrameDuration": 67.69756799936295,
  "FrameIndex": 2039,
  "FrameTimestamp": 17254330.794,
  "FrameTransferDuration": 17.3512
}