{
  "FrameComputationDuration": 56.58221600065008,
  "FrameDuration": 67.13546500168741,
  "FrameIndex": 2025,
  "FrameTimestamp": 17252340.211999997,
  "FrameTransferDuration": 15.6268
}