{
  "FrameComputationDuration": 56.61475900030928,
  "FrameDuration": 67.30320600047708,
  "FrameIndex": 2021,
  "FrameTimestamp": 17251772.512,
  "FrameTransferDuration": 16.2751
}