{
  "FrameComputationDuration": 56.45604199782247,
  "FrameDuration": 67.21424699947238,
  "FrameIndex": 2023,
  "FrameTimestamp": 17252055.854,
  "FrameTransferDuration": 18.5696
}