{
  "FrameComputationDuration": 56.61376700043911,
  "FrameDuration": 67.35459699854255,
  "FrameIndex": 2026,
  "FrameTimestamp": 17252482.97,
  "FrameTransferDuration": 17.9564
}