{
  "FrameComputationDuration": 56.72506199948839,
  "FrameDuration": 68.68385699950159,
  "FrameIndex": 2015,
  "FrameTimestamp": 17250921.430999998,
  "FrameTransferDuration": 18.7629
}