{
  "FrameComputationDuration": 55.19474900045316,
  "FrameDuration": 68.14939999766648,
  "FrameIndex": 2030,
  "FrameTimestamp": 17253052.268999998,
  "FrameTransferDuration": 16.8976
}