{
  "FrameComputationDuration": 56.62896699827979,
  "FrameDuration": 67.33693300001323,
  "FrameIndex": 2016,
  "FrameTimestamp": 17251064.123999998,
  "FrameTransferDuration": 14.5986
}