{
  "FrameComputationDuration": 56.53344899826334,
  "FrameDuration": 68.50517199933529,
  "FrameIndex": 2014,
  "FrameTimestamp": 17250780.742,
  "FrameTransferDuration": 20.1281
}