{
  "FrameComputationDuration": 56.84998799933237,
  "FrameDuration": 67.25232700072229,
  "FrameIndex": 2019,
  "FrameTimestamp": 17251489.149,
  "FrameTransferDuration": 18.899
}