{
  "FrameComputationDuration": 56.79974799990305,
  "FrameDuration": 68.34229400195181,
  "FrameIndex": 2017,
  "FrameTimestamp": 17251205.797,
  "FrameTransferDuration": 15.804
}