{
  "FrameComputationDuration": 55.269979000033345,
  "FrameDuration": 68.05279399827123,
  "FrameIndex": 2036,
  "FrameTimestamp": 17253904.735,
  "FrameTransferDuration": 13.62
}