{
  "FrameComputationDuration": 56.79136499806191,
  "FrameDuration": 67.35456500016153,
  "FrameIndex": 2022,
  "FrameTimestamp": 17251914.198999997,
  "FrameTransferDuration": 16.9716
}