{
  "FrameComputationDuration": 55.184157002775464,
  "FrameDuration": 66.75870200060308,
  "FrameIndex": 2033,
  "FrameTimestamp": 17253477.66,
  "FrameTransferDuration": 14.3209
}