{
  "FrameComputationDuration": 55.70018099740264,
  "FrameDuration": 68.93886099942029,
  "FrameIndex": 2029,
  "FrameTimestamp": 17252908.924999997,
  "FrameTransferDuration": 14.5883
}