{
  "FrameComputationDuration": 54.89968099811813,
  "FrameDuration": 67.87196499854326,
  "FrameIndex": 2035,
  "FrameTimestamp": 17253762.088,
  "FrameTransferDuration": 17.2811
}