{
  "FrameComputationDuration": 56.60432799719274,
  "FrameDuration": 67.30461299978197,
  "FrameIndex": 2020,
  "FrameTimestamp": 17251630.831,
  "FrameTransferDuration": 15.3009
}