{
  "FrameComputationDuration": 56.06433599573211,
  "FrameDuration": 67.44986000284553,
  "FrameIndex": 2028,
  "FrameTimestamp": 17252767.319,
  "FrameTransferDuration": 14.4089
}