{
  "FrameComputationDuration": 54.89689699962037,
  "FrameDuration": 68.3589019998908,
  "FrameIndex": 2032,
  "FrameTimestamp": 17253336.998,
  "FrameTransferDuration": 14.0018
}