{
  "FrameComputationDuration": 56.6258629974036,
  "FrameDuration": 67.18333500251174,
  "FrameIndex": 2027,
  "FrameTimestamp": 17252624.588999998,
  "FrameTransferDuration": 17.7521
}