{
  "FrameComputationDuration": 56.681606999307405,
  "FrameDuration": 67.4341470003128,
  "FrameIndex": 2024,
  "FrameTimestamp": 17252198.621999998,
  "FrameTransferDuration": 15.8586
}