{
  "FrameComputationDuration": 55.02886399938143,
  "FrameDuration": 67.2319420017302,
  "FrameIndex": 2038,
  "FrameTimestamp": 17254189.071999997,
  "FrameTransferDuration": 20.339
}