{
  "FrameComputationDuration": 55.21775600258843,
  "FrameDuration": 67.04298499971628,
  "FrameIndex": 2037,
  "FrameTimestamp": 17254046.439,
  "FrameTransferDuration": 14.3206
}