{
  "FrameComputationDuration": 56.724197999428725,
  "FrameDuration": 67.2550140004605,
  "FrameIndex": 2018,
  "FrameTimestamp": 17251347.474,
  "FrameTransferDuration": 18.4293
}