{
  "FrameComputationDuration": 54.93366499844706,
  "FrameDuration": 67.28278999775648,
  "FrameIndex": 2034,
  "FrameTimestamp": 17253620.351,
  "FrameTransferDuration": 17.4022
}