{
  "FrameComputationDuration": 56.677392999845324,
  "FrameDuration": 66.67724199965596,
  "FrameIndex": 1807,
  "FrameTimestamp": 16433273.075999998,
  "FrameTransferDuration": 18.725
}