{
  "FrameComputationDuration": 55.18359100021189,
  "FrameDuration": 67.37972800061107,
  "FrameIndex": 1821,
  "FrameTimestamp": 16436516.73,
  "FrameTransferDuration": 14.216
}