{
  "FrameComputationDuration": 54.73550100153079,
  "FrameDuration": 68.12422900088131,
  "FrameIndex": 1823,
  "FrameTimestamp": 16436979.696999997,
  "FrameTransferDuration": 17.2604
}