{
  "FrameComputationDuration": 56.797678996954346,
  "FrameDuration": 67.71213900111616,
  "FrameIndex": 1810,
  "FrameTimestamp": 16433969.489,
  "FrameTransferDuration": 18.7994
}