{
  "FrameComputationDuration": 56.92909999997937,
  "FrameDuration": 67.29864199832082,
  "FrameIndex": 1811,
  "FrameTimestamp": 16434200.970999997,
  "FrameTransferDuration": 21.7916
}