{
  "FrameComputationDuration": 55.85350099904463,
  "FrameDuration": 68.24006700143218,
  "FrameIndex": 1817,
  "FrameTimestamp": 16435590.823999997,
  "FrameTransferDuration": 17.8091
}