{
  "FrameComputationDuration": 55.80639700242318,
  "FrameDuration": 67.22955499961972,
  "FrameIndex": 1820,
  "FrameTimestamp": 16436285.204999998,
  "FrameTransferDuration": 15.1766
}