{
  "FrameComputationDuration": 55.79481300135376,
  "FrameDuration": 67.43486299924552,
  "FrameIndex": 1818,
  "FrameTimestamp": 16435822.265999999,
  "FrameTransferDuration": 17.7359
}