{
  "FrameComputationDuration": 56.73268799678772,
  "FrameDuration": 69.50929600186646,
  "FrameIndex": 1808,
  "FrameTimestamp": 16433505.500999998,
  "FrameTransferDuration": 15.2829
}