{
  "FrameComputationDuration": 53.83276299855788,
  "FrameDuration": 67.18619499914348,
  "FrameIndex": 1822,
  "FrameTimestamp": 16436748.185999997,
  "FrameTransferDuration": 20.9813
}