{
  "FrameComputationDuration": 55.75042999762809,
  "FrameDuration": 67.2982899993658,
  "FrameIndex": 1819,
  "FrameTimestamp": 16436053.776999999,
  "FrameTransferDuration": 17.5778
}