{
  "FrameComputationDuration": 56.78763100138167,
  "FrameDuration": 68.00183000043035,
  "FrameIndex": 1816,
  "FrameTimestamp": 16435359.307999998,
  "FrameTransferDuration": 14.9856
}