{
  "FrameComputationDuration": 56.72158299863804,
  "FrameDuration": 67.28289799951017,
  "FrameIndex": 1815,
  "FrameTimestamp": 16435127.877,
  "FrameTransferDuration": 18.4944
}