{
  "FrameComputationDuration": 56.610192998254206,
  "FrameDuration": 67.30136100016534,
  "FrameIndex": 1812,
  "FrameTimestamp": 16434432.412999999,
  "FrameTransferDuration": 17.9969
}