{
  "FrameComputationDuration": 57.72323199964012,
  "FrameDuration": 67.86810500174761,
  "FrameIndex": 1814,
  "FrameTimestamp": 16434896.362,
  "FrameTransferDuration": 18.619
}