{
  "FrameComputationDuration": 56.68315200135112,
  "FrameDuration": 67.49243000149727,
  "FrameIndex": 1809,
  "FrameTimestamp": 16433737.011999998,
  "FrameTransferDuration": 15.423
}