{
  "FrameComputationDuration": 56.874478000216186,
  "FrameDuration": 67.57428499870002,
  "FrameIndex": 1813,
  "FrameTimestamp": 16434664.264999997,
  "FrameTransferDuration": 15.4049
}