{
  "FrameComputationDuration": 56.564562001556624,
  "FrameDuration": 69.47128099948168,
  "FrameIndex": 1806,
  "FrameTimestamp": 16433043.625,
  "FrameTransferDuration": 20.1193
}