{
  "FrameComputationDuration": 55.95740700230817,
  "FrameDuration": 67.2626150008291,
  "FrameIndex": 1775,
  "FrameTimestamp": 16286803.551999997,
  "FrameTransferDuration": 16.3197
}