{
  "FrameComputationDuration": 56.83137800308759,
  "FrameDuration": 67.0252420026809,
  "FrameIndex": 1768,
  "FrameTimestamp": 16284477.825,
  "FrameTransferDuration": 15.7021
}