{
  "FrameComputationDuration": 56.84891399904154,
  "FrameDuration": 68.05882699973881,
  "FrameIndex": 1766,
  "FrameTimestamp": 16283814.382,
  "FrameTransferDuration": 18.8957
}