{
  "FrameComputationDuration": 56.598230000032345,
  "FrameDuration": 69.45845399983227,
  "FrameIndex": 1771,
  "FrameTimestamp": 16285474.564999998,
  "FrameTransferDuration": 16.9158
}