{
  "FrameComputationDuration": 55.75875399968936,
  "FrameDuration": 67.7413279991597,
  "FrameIndex": 1776,
  "FrameTimestamp": 16287135.801999997,
  "FrameTransferDuration": 14.7839
}