{
  "FrameComputationDuration": 54.69105799731915,
  "FrameDuration": 70.02615699730814,
  "FrameIndex": 1779,
  "FrameTimestamp": 16288131.537999999,
  "FrameTransferDuration": 13.7214
}