{
  "FrameComputationDuration": 56.71163599920692,
  "FrameDuration": 70.1122679989785,
  "FrameIndex": 1765,
  "FrameTimestamp": 16283482.143,
  "FrameTransferDuration": 20.2527
}