{
  "FrameComputationDuration": 56.61067700231797,
  "FrameDuration": 67.26914300210774,
  "FrameIndex": 1769,
  "FrameTimestamp": 16284810.07,
  "FrameTransferDuration": 18.7452
}