{
  "FrameComputationDuration": 55.209898000524845,
  "FrameDuration": 70.70592300221324,
  "FrameIndex": 1778,
  "FrameTimestamp": 16287801.34,
  "FrameTransferDuration": 17.1375
}