{
  "FrameComputationDuration": 56.59170099921175,
  "FrameDuration": 68.0556910019368,
  "FrameIndex": 1773,
  "FrameTimestamp": 16286140.057999998,
  "FrameTransferDuration": 20.5317
}