{
  "FrameComputationDuration": 55.43693499857909,
  "FrameDuration": 68.20359300076962,
  "FrameIndex": 1777,
  "FrameTimestamp": 16287468.059999999,
  "FrameTransferDuration": 17.463
}