{
  "FrameComputationDuration": 56.75777899878449,
  "FrameDuration": 69.86779200099409,
  "FrameIndex": 1770,
  "FrameTimestamp": 16285142.325999998,
  "FrameTransferDuration": 22.8317
}