{
  "FrameComputationDuration": 56.64722000120673,
  "FrameDuration": 68.8992629982531,
  "FrameIndex": 1767,
  "FrameTimestamp": 16284146.693999998,
  "FrameTransferDuration": 16.6857
}