{
  "FrameComputationDuration": 56.23327499697916,
  "FrameDuration": 67.18994400091469,
  "FrameIndex": 1774,
  "FrameTimestamp": 16286471.318999998,
  "FrameTransferDuration": 19.7885
}