{
  "FrameComputationDuration": 57.051279000530485,
  "FrameDuration": 68.44502900354564,
  "FrameIndex": 1772,
  "FrameTimestamp": 16285806.801999997,
  "FrameTransferDuration": 17.5572
}