{
  "FrameComputationDuration": 56.25865799910389,
  "FrameDuration": 67.29055900126696,
  "FrameIndex": 3005,
  "FrameTimestamp": 28737824.742000002,
  "FrameTransferDuration": 15.3425
}