{
  "FrameComputationDuration": 56.71058699931018,
  "FrameDuration": 70.2155399993062,
  "FrameIndex": 3012,
  "FrameTimestamp": 28741314.904999997,
  "FrameTransferDuration": 15.0545
}