{
  "FrameComputationDuration": 56.42969499662286,
  "FrameDuration": 68.04693200066686,
  "FrameIndex": 3013,
  "FrameTimestamp": 28741813.748,
  "FrameTransferDuration": 15.3291
}