{
  "FrameComputationDuration": 56.351616003434174,
  "FrameDuration": 67.67164200544357,
  "FrameIndex": 3009,
  "FrameTimestamp": 28739819.24,
  "FrameTransferDuration": 14.914
}