{
  "FrameComputationDuration": 56.56067000265466,
  "FrameDuration": 69.64937200397253,
  "FrameIndex": 3010,
  "FrameTimestamp": 28740318.121999998,
  "FrameTransferDuration": 18.6406
}