{
  "FrameComputationDuration": 56.18205099698389,
  "FrameDuration": 67.84658300876617,
  "FrameIndex": 3003,
  "FrameTimestamp": 28736828.032,
  "FrameTransferDuration": 18.2056
}