{
  "FrameComputationDuration": 57.08498100406723,
  "FrameDuration": 69.94178400188684,
  "FrameIndex": 3011,
  "FrameTimestamp": 28740816.006,
  "FrameTransferDuration": 17.8412
}