{
  "FrameComputationDuration": 56.63673200760968,
  "FrameDuration": 68.30705600604415,
  "FrameIndex": 3014,
  "FrameTimestamp": 28742312.652,
  "FrameTransferDuration": 19.1015
}