{
  "FrameComputationDuration": 56.52051000058418,
  "FrameDuration": 67.12540900334716,
  "FrameIndex": 2998,
  "FrameTimestamp": 28734334.7,
  "FrameTransferDuration": 22.7545
}