{
  "FrameComputationDuration": 57.455696996476036,
  "FrameDuration": 68.2084340006113,
  "FrameIndex": 3015,
  "FrameTimestamp": 28742811.49,
  "FrameTransferDuration": 18.6318
}