{
  "FrameComputationDuration": 56.25939399789786,
  "FrameDuration": 67.6340419948101,
  "FrameIndex": 3008,
  "FrameTimestamp": 28739320.373,
  "FrameTransferDuration": 14.3728
}