{
  "FrameComputationDuration": 56.15286800463218,
  "FrameDuration": 68.19678599759936,
  "FrameIndex": 3018,
  "FrameTimestamp": 28744308.091000002,
  "FrameTransferDuration": 18.8233
}