{
  "FrameComputationDuration": 56.97352699696785,
  "FrameDuration": 68.25057700276375,
  "FrameIndex": 3016,
  "FrameTimestamp": 28743310.360999998,
  "FrameTransferDuration": 15.1071
}