{
  "FrameComputationDuration": 56.56972599599976,
  "FrameDuration": 67.24956799671054,
  "FrameIndex": 3006,
  "FrameTimestamp": 28738323.642999995,
  "FrameTransferDuration": 18.4125
}