{
  "FrameComputationDuration": 56.50732600106858,
  "FrameDuration": 68.38478300347924,
  "FrameIndex": 3007,
  "FrameTimestamp": 28738822.518999998,
  "FrameTransferDuration": 17.9935
}