{
  "FrameComputationDuration": 56.65759600524325,
  "FrameDuration": 67.24272000044584,
  "FrameIndex": 3004,
  "FrameTimestamp": 28737325.900000002,
  "FrameTransferDuration": 13.9786
}