{
  "FrameComputationDuration": 56.185923001146875,
  "FrameDuration": 67.54169199615717,
  "FrameIndex": 3002,
  "FrameTimestamp": 28736329.156,
  "FrameTransferDuration": 18.8295
}