{
  "FrameComputationDuration": 56.18662700068671,
  "FrameDuration": 67.16102499887347,
  "FrameIndex": 3001,
  "FrameTimestamp": 28735830.278999995,
  "FrameTransferDuration": 15.3981
}