{
  "FrameComputationDuration": 56.30681699223351,
  "FrameDuration": 67.26044799759984,
  "FrameIndex": 3000,
  "FrameTimestamp": 28735331.400000002,
  "FrameTransferDuration": 14.4157
}