{
  "FrameComputationDuration": 56.17757099342998,
  "FrameDuration": 67.35158300027251,
  "FrameIndex": 2999,
  "FrameTimestamp": 28734833.531,
  "FrameTransferDuration": 18.3304
}