{
  "FrameComputationDuration": 56.31405000120867,
  "FrameDuration": 68.25176100432873,
  "FrameIndex": 3017,
  "FrameTimestamp": 28743809.241,
  "FrameTransferDuration": 15.534
}