{
  "FrameComputationDuration": 112.54640500235837,
  "FrameDuration": 570.0743449982256,
  "FrameIndex": 1449,
  "FrameTimestamp": 11137165.875,
  "FrameTransferDuration": 93.0697
}