{
  "FrameComputationDuration": 111.79575999942608,
  "FrameDuration": 569.1832219995558,
  "FrameIndex": 1445,
  "FrameTimestamp": 11134889.007,
  "FrameTransferDuration": 93.5256
}