{
  "FrameComputationDuration": 112.44512700024643,
  "FrameDuration": 572.0320110004395,
  "FrameIndex": 1442,
  "FrameTimestamp": 11133179.873999998,
  "FrameTransferDuration": 93.5078
}