{
  "FrameComputationDuration": 111.74984199824394,
  "FrameDuration": 571.5178420003504,
  "FrameIndex": 1443,
  "FrameTimestamp": 11133749.603,
  "FrameTransferDuration": 97.7553
}