{
  "FrameComputationDuration": 110.92310199752683,
  "FrameDuration": 569.4513140004128,
  "FrameIndex": 1450,
  "FrameTimestamp": 11137736.592999998,
  "FrameTransferDuration": 77.2382
}