{
  "FrameComputationDuration": 111.1374030012812,
  "FrameDuration": 568.3379549980164,
  "FrameIndex": 1446,
  "FrameTimestamp": 11135458.709999997,
  "FrameTransferDuration": 77.1805
}