{
  "FrameComputationDuration": 111.78174499952001,
  "FrameDuration": 567.3987379986793,
  "FrameIndex": 1444,
  "FrameTimestamp": 11134321.303999998,
  "FrameTransferDuration": 80.2346
}