{
  "FrameComputationDuration": 112.17569099977845,
  "FrameDuration": 567.7237889971584,
  "FrameIndex": 1447,
  "FrameTimestamp": 11136027.432999998,
  "FrameTransferDuration": 84.637
}