{
  "FrameComputationDuration": 111.20844099859823,
  "FrameDuration": 570.3504370003939,
  "FrameIndex": 1448,
  "FrameTimestamp": 11136595.171999998,
  "FrameTransferDuration": 102.1613
}