{
  "FrameComputationDuration": 56.22860899713123,
  "FrameDuration": 68.44711600616574,
  "FrameIndex": 3198,
  "FrameTimestamp": 29294513.778999995,
  "FrameTransferDuration": 18.732
}