{
  "FrameComputationDuration": 56.58607600245159,
  "FrameDuration": 67.20319900289178,
  "FrameIndex": 3195,
  "FrameTimestamp": 29293766.430999998,
  "FrameTransferDuration": 18.9643
}