{
  "FrameComputationDuration": 56.426301997329574,
  "FrameDuration": 67.13052800670266,
  "FrameIndex": 3197,
  "FrameTimestamp": 29294264.307,
  "FrameTransferDuration": 13.9772
}