{
  "FrameComputationDuration": 56.863703000184614,
  "FrameDuration": 68.13524900004268,
  "FrameIndex": 3203,
  "FrameTimestamp": 29295758.924,
  "FrameTransferDuration": 19.7449
}