{
  "FrameComputationDuration": 56.8291119983769,
  "FrameDuration": 66.75591000169516,
  "FrameIndex": 3204,
  "FrameTimestamp": 29296007.389999997,
  "FrameTransferDuration": 22.3105
}