{
  "FrameComputationDuration": 56.31395200174302,
  "FrameDuration": 67.24227000027895,
  "FrameIndex": 3194,
  "FrameTimestamp": 29293517.032999996,
  "FrameTransferDuration": 15.1976
}