{
  "FrameComputationDuration": 56.159873995697126,
  "FrameDuration": 68.14443300291896,
  "FrameIndex": 3190,
  "FrameTimestamp": 29292521.244,
  "FrameTransferDuration": 15.0705
}