{
  "FrameComputationDuration": 56.333375003770925,
  "FrameDuration": 67.22572600096464,
  "FrameIndex": 3187,
  "FrameTimestamp": 29291774.009,
  "FrameTransferDuration": 22.721
}