{
  "FrameComputationDuration": 56.561851998150814,
  "FrameDuration": 67.71307899802923,
  "FrameIndex": 3191,
  "FrameTimestamp": 29292770.702999998,
  "FrameTransferDuration": 19.2962
}