{
  "FrameComputationDuration": 56.284992001135834,
  "FrameDuration": 67.74847099557519,
  "FrameIndex": 3193,
  "FrameTimestamp": 29293268.572999995,
  "FrameTransferDuration": 17.8272
}