{
  "FrameComputationDuration": 56.392189997131936,
  "FrameDuration": 68.11860999837518,
  "FrameIndex": 3188,
  "FrameTimestamp": 29292023.418,
  "FrameTransferDuration": 18.5175
}