{
  "FrameComputationDuration": 57.692586996709,
  "FrameDuration": 69.42422199994326,
  "FrameIndex": 3202,
  "FrameTimestamp": 29295509.514999997,
  "FrameTransferDuration": 15.9089
}