{
  "FrameComputationDuration": 56.919766997743864,
  "FrameDuration": 67.1971510015428,
  "FrameIndex": 3205,
  "FrameTimestamp": 29296256.821,
  "FrameTransferDuration": 17.2696
}