{
  "FrameComputationDuration": 56.278144002950285,
  "FrameDuration": 70.32961700111628,
  "FrameIndex": 3189,
  "FrameTimestamp": 29292272.815,
  "FrameTransferDuration": 14.7977
}