{
  "FrameComputationDuration": 56.427101998007856,
  "FrameDuration": 67.75250300392509,
  "FrameIndex": 3192,
  "FrameTimestamp": 29293019.164,
  "FrameTransferDuration": 22.2483
}