{
  "FrameComputationDuration": 56.80984800122678,
  "FrameDuration": 67.24818999320269,
  "FrameIndex": 3200,
  "FrameTimestamp": 29295010.645,
  "FrameTransferDuration": 17.8986
}