{
  "FrameComputationDuration": 56.40722999809077,
  "FrameDuration": 67.34697299450636,
  "FrameIndex": 3196,
  "FrameTimestamp": 29294015.988999996,
  "FrameTransferDuration": 17.7796
}