{
  "FrameComputationDuration": 56.62953100557206,
  "FrameDuration": 67.55906500667334,
  "FrameIndex": 3199,
  "FrameTimestamp": 29294762.193,
  "FrameTransferDuration": 18.9245
}