{
  "FrameComputationDuration": 56.46377299976302,
  "FrameDuration": 68.18120099976659,
  "FrameIndex": 3201,
  "FrameTimestamp": 29295261.054999996,
  "FrameTransferDuration": 26.9514
}