{
  "FrameComputationDuration": 65.37865099721239,
  "FrameDuration": 67.87944800779223,
  "FrameIndex": 2839,
  "FrameTimestamp": 19448079.349,
  "FrameTransferDuration": 16.3567
}