{
  "FrameComputationDuration": 65.00297599853366,
  "FrameDuration": 67.77900200337172,
  "FrameIndex": 2835,
  "FrameTimestamp": 19447785.016,
  "FrameTransferDuration": 16.5799
}