{
  "FrameComputationDuration": 58.01379199614166,
  "FrameDuration": 67.40310300141573,
  "FrameIndex": 2820,
  "FrameTimestamp": 19446680.527,
  "FrameTransferDuration": 19.0661
}