{
  "FrameComputationDuration": 66.78935100062517,
  "FrameDuration": 67.16313900053501,
  "FrameIndex": 2823,
  "FrameTimestamp": 19446902.020999998,
  "FrameTransferDuration": 17.1019
}