{
  "FrameComputationDuration": 68.66244499880122,
  "FrameDuration": 67.48937400057912,
  "FrameIndex": 2841,
  "FrameTimestamp": 19448225.983999997,
  "FrameTransferDuration": 18.6148
}