{
  "FrameComputationDuration": 61.292627000948414,
  "FrameDuration": 67.0488359965384,
  "FrameIndex": 2834,
  "FrameTimestamp": 19447711.156,
  "FrameTransferDuration": 16.0239
}