{
  "FrameComputationDuration": 65.63461499800906,
  "FrameDuration": 67.96914300322533,
  "FrameIndex": 2828,
  "FrameTimestamp": 19447271.204,
  "FrameTransferDuration": 19.6839
}