{
  "FrameComputationDuration": 65.24601199981407,
  "FrameDuration": 69.89266899228096,
  "FrameIndex": 2821,
  "FrameTimestamp": 19446754.312999997,
  "FrameTransferDuration": 20.9366
}