{
  "FrameComputationDuration": 67.29219200168154,
  "FrameDuration": 67.59397999942303,
  "FrameIndex": 2833,
  "FrameTimestamp": 19447638.325999998,
  "FrameTransferDuration": 18.2665
}