{
  "FrameComputationDuration": 59.23956699803239,
  "FrameDuration": 68.86500200256705,
  "FrameIndex": 2844,
  "FrameTimestamp": 19448446.496999998,
  "FrameTransferDuration": 28.5773
}