{
  "FrameComputationDuration": 65.16783699873486,
  "FrameDuration": 68.3863529972732,
  "FrameIndex": 2831,
  "FrameTimestamp": 19447490.674999997,
  "FrameTransferDuration": 15.7622
}