{
  "FrameComputationDuration": 58.59090399948764,
  "FrameDuration": 67.81496899947524,
  "FrameIndex": 2826,
  "FrameTimestamp": 19447123.518,
  "FrameTransferDuration": 18.9146
}