{
  "FrameComputationDuration": 64.81833900112542,
  "FrameDuration": 68.6835330054164,
  "FrameIndex": 2838,
  "FrameTimestamp": 19448005.487999998,
  "FrameTransferDuration": 15.7631
}