{
  "FrameComputationDuration": 58.712181999668246,
  "FrameDuration": 68.61204600334167,
  "FrameIndex": 2843,
  "FrameTimestamp": 19448372.685,
  "FrameTransferDuration": 14.9124
}