{
  "FrameComputationDuration": 67.47708500182489,
  "FrameDuration": 68.67969300225377,
  "FrameIndex": 2836,
  "FrameTimestamp": 19447859.845999997,
  "FrameTransferDuration": 18.5982
}