{
  "FrameComputationDuration": 72.74312599989935,
  "FrameDuration": 70.02431499958038,
  "FrameIndex": 2825,
  "FrameTimestamp": 19447049.687,
  "FrameTransferDuration": 19.8262
}