{
  "FrameComputationDuration": 68.85754699641257,
  "FrameDuration": 68.11070900037885,
  "FrameIndex": 2829,
  "FrameTimestamp": 19447343.005999997,
  "FrameTransferDuration": 19.2015
}