{
  "FrameComputationDuration": 57.229898996825796,
  "FrameDuration": 67.61423600465059,
  "FrameIndex": 2816,
  "FrameTimestamp": 19446386.162,
  "FrameTransferDuration": 21.0487
}