{
  "FrameComputationDuration": 65.56837599768187,
  "FrameDuration": 67.31743999943137,
  "FrameIndex": 2822,
  "FrameTimestamp": 19446828.211,
  "FrameTransferDuration": 16.4337
}