{
  "FrameComputationDuration": 60.279297002300154,
  "FrameDuration": 69.72659099847078,
  "FrameIndex": 2846,
  "FrameTimestamp": 19448593.2,
  "FrameTransferDuration": 20.584
}