{
  "FrameComputationDuration": 75.23109099958674,
  "FrameDuration": 67.23555299639702,
  "FrameIndex": 2819,
  "FrameTimestamp": 19446606.667999998,
  "FrameTransferDuration": 16.3094
}