{
  "FrameComputationDuration": 68.26049899938516,
  "FrameDuration": 67.18748999759555,
  "FrameIndex": 2818,
  "FrameTimestamp": 19446532.884999998,
  "FrameTransferDuration": 15.1004
}