{
  "FrameComputationDuration": 65.12294200010365,
  "FrameDuration": 70.86148699373007,
  "FrameIndex": 2827,
  "FrameTimestamp": 19447196.393999998,
  "FrameTransferDuration": 16.6035
}