{
  "FrameComputationDuration": 67.53775800118456,
  "FrameDuration": 67.87458400428295,
  "FrameIndex": 2824,
  "FrameTimestamp": 19446975.847,
  "FrameTransferDuration": 19.8552
}