{
  "FrameComputationDuration": 61.00840699937544,
  "FrameDuration": 67.14179500192404,
  "FrameIndex": 2830,
  "FrameTimestamp": 19447416.867,
  "FrameTransferDuration": 15.8068
}