{
  "FrameComputationDuration": 61.654285999858985,
  "FrameDuration": 69.96329199895263,
  "FrameIndex": 2837,
  "FrameTimestamp": 19447932.658999998,
  "FrameTransferDuration": 19.5817
}