{
  "FrameComputationDuration": 67.2920640000375,
  "FrameDuration": 68.08750899508595,
  "FrameIndex": 2845,
  "FrameTimestamp": 19448519.345,
  "FrameTransferDuration": 18.0979
}