{
  "FrameComputationDuration": 65.72863000247162,
  "FrameDuration": 69.67360000312328,
  "FrameIndex": 2817,
  "FrameTimestamp": 19446459.985999998,
  "FrameTransferDuration": 19.6959
}