{
  "FrameComputationDuration": 65.37871500046458,
  "FrameDuration": 69.84652500227094,
  "FrameIndex": 2842,
  "FrameTimestamp": 19448298.845,
  "FrameTransferDuration": 14.6997
}