{
  "FrameComputationDuration": 64.26545000146143,
  "FrameDuration": 67.71033100038767,
  "FrameIndex": 2840,
  "FrameTimestamp": 19448152.167,
  "FrameTransferDuration": 18.2157
}