{
  "FrameComputationDuration": 65.22911699896213,
  "FrameDuration": 68.5271190032363,
  "FrameIndex": 2832,
  "FrameTimestamp": 19447565.548,
  "FrameTransferDuration": 18.4983
}