{
  "FrameComputationDuration": 46.14486000012403,
  "FrameDuration": 77.19897599890828,
  "FrameIndex": 1116,
  "FrameTimestamp": 7196373.019,
  "FrameTransferDuration": 14.5747
}