{
  "FrameComputationDuration": 46.00739000117028,
  "FrameDuration": 78.28558599948883,
  "FrameIndex": 1109,
  "FrameTimestamp": 7195378.379,
  "FrameTransferDuration": 17.0242
}