{
  "FrameComputationDuration": 46.77134700059105,
  "FrameDuration": 77.55317899864167,
  "FrameIndex": 1125,
  "FrameTimestamp": 7197651.144,
  "FrameTransferDuration": 18.9016
}