{
  "FrameComputationDuration": 46.05007700064016,
  "FrameDuration": 77.83250399958342,
  "FrameIndex": 1115,
  "FrameTimestamp": 7196231.424,
  "FrameTransferDuration": 20.1868
}