{
  "FrameComputationDuration": 47.1713099999688,
  "FrameDuration": 77.85471200104803,
  "FrameIndex": 1117,
  "FrameTimestamp": 7196515.778,
  "FrameTransferDuration": 21.1596
}