{
  "FrameComputationDuration": 47.127535000843636,
  "FrameDuration": 77.78722399938852,
  "FrameIndex": 1123,
  "FrameTimestamp": 7197366.796999999,
  "FrameTransferDuration": 18.4578
}