{
  "FrameComputationDuration": 45.940702998988854,
  "FrameDuration": 78.18017899990082,
  "FrameIndex": 1114,
  "FrameTimestamp": 7196088.663,
  "FrameTransferDuration": 17.3032
}