{
  "FrameComputationDuration": 46.92187299917714,
  "FrameDuration": 77.25817500147969,
  "FrameIndex": 1126,
  "FrameTimestamp": 7197792.823,
  "FrameTransferDuration": 19.0219
}