{
  "FrameComputationDuration": 45.84534400089615,
  "FrameDuration": 78.0049809999764,
  "FrameIndex": 1128,
  "FrameTimestamp": 7198076.1959999995,
  "FrameTransferDuration": 15.8571
}