{
  "FrameComputationDuration": 46.198779000165814,
  "FrameDuration": 77.42326200101525,
  "FrameIndex": 1108,
  "FrameTimestamp": 7195235.676,
  "FrameTransferDuration": 14.4247
}