{
  "FrameComputationDuration": 45.98930999919685,
  "FrameDuration": 77.66831400059164,
  "FrameIndex": 1118,
  "FrameTimestamp": 7196658.387999999,
  "FrameTransferDuration": 17.0621
}