{
  "FrameComputationDuration": 46.07206000062433,
  "FrameDuration": 77.34636600036174,
  "FrameIndex": 1122,
  "FrameTimestamp": 7197225.119,
  "FrameTransferDuration": 17.0425
}