{
  "FrameComputationDuration": 48.32063900038338,
  "FrameDuration": 77.35682999901474,
  "FrameIndex": 1120,
  "FrameTimestamp": 7196941.755,
  "FrameTransferDuration": 14.6001
}