{
  "FrameComputationDuration": 46.07999700039363,
  "FrameDuration": 77.27007899992168,
  "FrameIndex": 1121,
  "FrameTimestamp": 7197083.4180000005,
  "FrameTransferDuration": 17.2791
}