{
  "FrameComputationDuration": 46.02802899937524,
  "FrameDuration": 80.21762499958277,
  "FrameIndex": 1119,
  "FrameTimestamp": 7196800.065,
  "FrameTransferDuration": 16.7337
}