{
  "FrameComputationDuration": 45.95740699950693,
  "FrameDuration": 77.2429430000484,
  "FrameIndex": 1110,
  "FrameTimestamp": 7195518.96,
  "FrameTransferDuration": 17.0346
}