{
  "FrameComputationDuration": 46.17109899987554,
  "FrameDuration": 77.2841579997912,
  "FrameIndex": 1127,
  "FrameTimestamp": 7197934.498999999,
  "FrameTransferDuration": 19.0004
}