{
  "FrameComputationDuration": 46.137724999578495,
  "FrameDuration": 77.39116599969566,
  "FrameIndex": 1111,
  "FrameTimestamp": 7195661.737999999,
  "FrameTransferDuration": 16.7967
}