{
  "FrameComputationDuration": 47.2285890006242,
  "FrameDuration": 77.88933499902487,
  "FrameIndex": 1113,
  "FrameTimestamp": 7195946.075,
  "FrameTransferDuration": 17.1761
}