{
  "FrameComputationDuration": 46.075837000513275,
  "FrameDuration": 77.39903799910098,
  "FrameIndex": 1107,
  "FrameTimestamp": 7195093.898999999,
  "FrameTransferDuration": 18.2318
}