{
  "FrameComputationDuration": 46.10550099975808,
  "FrameDuration": 77.22217599954456,
  "FrameIndex": 1112,
  "FrameTimestamp": 7195803.307999999,
  "FrameTransferDuration": 14.5534
}