{
  "FrameComputationDuration": 45.95148599934328,
  "FrameDuration": 78.5060310009867,
  "FrameIndex": 1124,
  "FrameTimestamp": 7197509.458,
  "FrameTransferDuration": 16.0341
}