{
  "FrameComputationDuration": 109.64565299870446,
  "FrameDuration": 563.1968339998275,
  "FrameIndex": 1398,
  "FrameTimestamp": 10799219.785,
  "FrameTransferDuration": 65.197
}