{
  "FrameComputationDuration": 108.43143099950976,
  "FrameDuration": 564.1914109978825,
  "FrameIndex": 1400,
  "FrameTimestamp": 10802544.253999997,
  "FrameTransferDuration": 61.4062
}