{
  "FrameComputationDuration": 108.78931399999419,
  "FrameDuration": 568.8019970003515,
  "FrameIndex": 1394,
  "FrameTimestamp": 10792572.82,
  "FrameTransferDuration": 66.6876
}