{
  "FrameComputationDuration": 108.38016799991601,
  "FrameDuration": 563.578908002004,
  "FrameIndex": 1396,
  "FrameTimestamp": 10795894.261,
  "FrameTransferDuration": 65.7538
}