{
  "FrameComputationDuration": 109.39135199860903,
  "FrameDuration": 563.7262340020388,
  "FrameIndex": 1395,
  "FrameTimestamp": 10794232.037,
  "FrameTransferDuration": 66.3652
}