{
  "FrameComputationDuration": 108.59299599894439,
  "FrameDuration": 567.5628469977528,
  "FrameIndex": 1399,
  "FrameTimestamp": 10800881.991,
  "FrameTransferDuration": 64.8769
}