{
  "FrameComputationDuration": 108.77110599959269,
  "FrameDuration": 566.9964240007102,
  "FrameIndex": 1397,
  "FrameTimestamp": 10797558.515999999,
  "FrameTransferDuration": 65.3015
}