{
  "FrameComputationDuration": 56.14771800203016,
  "FrameDuration": 67.88518499955535,
  "FrameIndex": 3685,
  "FrameTimestamp": 30394091.010999996,
  "FrameTransferDuration": 14.2643
}