{
  "FrameComputationDuration": 56.55024099373259,
  "FrameDuration": 67.28452100232244,
  "FrameIndex": 3680,
  "FrameTimestamp": 30393427.495999996,
  "FrameTransferDuration": 17.9585
}