{
  "FrameComputationDuration": 56.43430600478314,
  "FrameDuration": 67.14948300272226,
  "FrameIndex": 3694,
  "FrameTimestamp": 30395283.286000002,
  "FrameTransferDuration": 16.2271
}