{
  "FrameComputationDuration": 56.33677200227976,
  "FrameDuration": 66.76750400289893,
  "FrameIndex": 3688,
  "FrameTimestamp": 30394487.086,
  "FrameTransferDuration": 18.589
}