{
  "FrameComputationDuration": 56.19344500260195,
  "FrameDuration": 67.85027299448848,
  "FrameIndex": 3677,
  "FrameTimestamp": 30393031.367000002,
  "FrameTransferDuration": 14.6296
}