{
  "FrameComputationDuration": 56.43011399777606,
  "FrameDuration": 67.65955500304699,
  "FrameIndex": 3675,
  "FrameTimestamp": 30392765.992999997,
  "FrameTransferDuration": 19.109
}