{
  "FrameComputationDuration": 56.446369999379385,
  "FrameDuration": 68.22191600129008,
  "FrameIndex": 3683,
  "FrameTimestamp": 30393826.576999996,
  "FrameTransferDuration": 19.5757
}