{
  "FrameComputationDuration": 56.32070800312795,
  "FrameDuration": 66.8039520047605,
  "FrameIndex": 3686,
  "FrameTimestamp": 30394222.709999997,
  "FrameTransferDuration": 15.4001
}