{
  "FrameComputationDuration": 56.29673999751685,
  "FrameDuration": 67.37338300421834,
  "FrameIndex": 3682,
  "FrameTimestamp": 30393692.918999996,
  "FrameTransferDuration": 14.6613
}