{
  "FrameComputationDuration": 56.5221130027785,
  "FrameDuration": 66.76478500664234,
  "FrameIndex": 3678,
  "FrameTimestamp": 30393163.080999997,
  "FrameTransferDuration": 15.1054
}