{
  "FrameComputationDuration": 56.60761600336991,
  "FrameDuration": 66.76273600012064,
  "FrameIndex": 3676,
  "FrameTimestamp": 30392898.696,
  "FrameTransferDuration": 21.8976
}