{
  "FrameComputationDuration": 56.65766300202813,
  "FrameDuration": 66.78651200607419,
  "FrameIndex": 3684,
  "FrameTimestamp": 30393958.282,
  "FrameTransferDuration": 17.6716
}