{
  "FrameComputationDuration": 56.474176997784525,
  "FrameDuration": 67.20560999214649,
  "FrameIndex": 3697,
  "FrameTimestamp": 30395681.38,
  "FrameTransferDuration": 15.3011
}