{
  "FrameComputationDuration": 56.37507599737728,
  "FrameDuration": 67.9279679954052,
  "FrameIndex": 3674,
  "FrameTimestamp": 30392633.281,
  "FrameTransferDuration": 15.4694
}