{
  "FrameComputationDuration": 56.355874998436775,
  "FrameDuration": 68.0853739976883,
  "FrameIndex": 3673,
  "FrameTimestamp": 30392501.565999996,
  "FrameTransferDuration": 14.5995
}