{
  "FrameComputationDuration": 56.64425500528887,
  "FrameDuration": 67.61667600274086,
  "FrameIndex": 3691,
  "FrameTimestamp": 30394885.189,
  "FrameTransferDuration": 19.6429
}