{
  "FrameComputationDuration": 56.31984399887733,
  "FrameDuration": 67.96719900146127,
  "FrameIndex": 3672,
  "FrameTimestamp": 30392370.889000002,
  "FrameTransferDuration": 18.573
}