{
  "FrameComputationDuration": 57.240982002113014,
  "FrameDuration": 67.4629190042615,
  "FrameIndex": 3692,
  "FrameTimestamp": 30395017.885999996,
  "FrameTransferDuration": 19.0612
}