{
  "FrameComputationDuration": 56.42230699589709,
  "FrameDuration": 67.75664199888706,
  "FrameIndex": 3679,
  "FrameTimestamp": 30393295.790999997,
  "FrameTransferDuration": 12.3971
}