{
  "FrameComputationDuration": 56.738908999890555,
  "FrameDuration": 68.86939400061965,
  "FrameIndex": 3693,
  "FrameTimestamp": 30395151.594999995,
  "FrameTransferDuration": 15.6221
}