{
  "FrameComputationDuration": 56.44774599839002,
  "FrameDuration": 70.4787790030241,
  "FrameIndex": 3671,
  "FrameTimestamp": 30392236.231999997,
  "FrameTransferDuration": 23.4268
}