{
  "FrameComputationDuration": 56.522656997840386,
  "FrameDuration": 67.26960899680853,
  "FrameIndex": 3695,
  "FrameTimestamp": 30395415.970999997,
  "FrameTransferDuration": 19.7999
}