{
  "FrameComputationDuration": 56.34035499737365,
  "FrameDuration": 67.78067399933934,
  "FrameIndex": 3687,
  "FrameTimestamp": 30394355.402,
  "FrameTransferDuration": 19.0156
}