{
  "FrameComputationDuration": 56.30771600519074,
  "FrameDuration": 68.33445799723268,
  "FrameIndex": 3681,
  "FrameTimestamp": 30393561.186999995,
  "FrameTransferDuration": 14.7446
}