{
  "FrameComputationDuration": 57.104312000388745,
  "FrameDuration": 67.37581599876285,
  "FrameIndex": 3696,
  "FrameTimestamp": 30395548.712,
  "FrameTransferDuration": 18.892
}