{
  "FrameComputationDuration": 56.33597100008046,
  "FrameDuration": 69.22804500162601,
  "FrameIndex": 3689,
  "FrameTimestamp": 30394619.786000002,
  "FrameTransferDuration": 15.2362
}