{
  "FrameComputationDuration": 56.69635000213748,
  "FrameDuration": 67.29866500198841,
  "FrameIndex": 3690,
  "FrameTimestamp": 30394752.488999996,
  "FrameTransferDuration": 15.7504
}