{
  "FrameComputationDuration": 57.244814001664054,
  "FrameDuration": 68.04016100242734,
  "FrameIndex": 3404,
  "FrameTimestamp": 29727509.753000002,
  "FrameTransferDuration": 19.4902
}