{
  "FrameComputationDuration": 56.47768899536459,
  "FrameDuration": 67.66733299568295,
  "FrameIndex": 3408,
  "FrameTimestamp": 29728173.256,
  "FrameTransferDuration": 19.3032
}