{
  "FrameComputationDuration": 56.41599399707047,
  "FrameDuration": 67.83078799769282,
  "FrameIndex": 3386,
  "FrameTimestamp": 29724519.52,
  "FrameTransferDuration": 20.3904
}