{
  "FrameComputationDuration": 56.54491999885067,
  "FrameDuration": 70.92434700578451,
  "FrameIndex": 3393,
  "FrameTimestamp": 29725681.887,
  "FrameTransferDuration": 19.2945
}