{
  "FrameComputationDuration": 56.359545995888766,
  "FrameDuration": 69.78634599968791,
  "FrameIndex": 3390,
  "FrameTimestamp": 29725185.958,
  "FrameTransferDuration": 18.9798
}