{
  "FrameComputationDuration": 56.91013100137934,
  "FrameDuration": 69.21320099756122,
  "FrameIndex": 3400,
  "FrameTimestamp": 29726845.256999996,
  "FrameTransferDuration": 15.6478
}