{
  "FrameComputationDuration": 56.45634500164306,
  "FrameDuration": 68.32697300240397,
  "FrameIndex": 3403,
  "FrameTimestamp": 29727341.134,
  "FrameTransferDuration": 22.0791
}