{
  "FrameComputationDuration": 56.70597400033148,
  "FrameDuration": 68.66421600058675,
  "FrameIndex": 3398,
  "FrameTimestamp": 29726512.988999996,
  "FrameTransferDuration": 17.959
}