{
  "FrameComputationDuration": 56.43525700061582,
  "FrameDuration": 67.6855410002172,
  "FrameIndex": 3406,
  "FrameTimestamp": 29727840.995,
  "FrameTransferDuration": 22.9128
}