{
  "FrameComputationDuration": 56.24214000388747,
  "FrameDuration": 67.70531699061394,
  "FrameIndex": 3399,
  "FrameTimestamp": 29726677.595999997,
  "FrameTransferDuration": 14.8586
}