{
  "FrameComputationDuration": 56.35253899579402,
  "FrameDuration": 70.570687007159,
  "FrameIndex": 3395,
  "FrameTimestamp": 29726014.09,
  "FrameTransferDuration": 18.394
}