{
  "FrameComputationDuration": 56.40130599879194,
  "FrameDuration": 72.2718809992075,
  "FrameIndex": 3391,
  "FrameTimestamp": 29725354.702999998,
  "FrameTransferDuration": 15.0682
}