{
  "FrameComputationDuration": 56.29228399757994,
  "FrameDuration": 66.92967999726534,
  "FrameIndex": 3392,
  "FrameTimestamp": 29725515.229,
  "FrameTransferDuration": 15.9059
}