{
  "FrameComputationDuration": 56.57359099807218,
  "FrameDuration": 68.17001500353217,
  "FrameIndex": 3409,
  "FrameTimestamp": 29728339.873,
  "FrameTransferDuration": 23.6527
}