{
  "FrameComputationDuration": 56.409145000216085,
  "FrameDuration": 73.7267730012536,
  "FrameIndex": 3394,
  "FrameTimestamp": 29725853.492999997,
  "FrameTransferDuration": 20.4782
}