{
  "FrameComputationDuration": 56.376730006188154,
  "FrameDuration": 69.49118199571967,
  "FrameIndex": 3387,
  "FrameTimestamp": 29724686.083999995,
  "FrameTransferDuration": 14.7739
}