{
  "FrameComputationDuration": 57.457612004247494,
  "FrameDuration": 67.69117300212383,
  "FrameIndex": 3407,
  "FrameTimestamp": 29728006.605999995,
  "FrameTransferDuration": 18.9118
}