{
  "FrameComputationDuration": 56.35029899724759,
  "FrameDuration": 73.72549399361014,
  "FrameIndex": 3397,
  "FrameTimestamp": 29726351.363,
  "FrameTransferDuration": 18.5679
}