{
  "FrameComputationDuration": 56.64619900257094,
  "FrameDuration": 68.13350399583578,
  "FrameIndex": 3402,
  "FrameTimestamp": 29727175.487,
  "FrameTransferDuration": 22.1916
}