{
  "FrameComputationDuration": 56.4558010007604,
  "FrameDuration": 68.40492400154471,
  "FrameIndex": 3389,
  "FrameTimestamp": 29725024.338999998,
  "FrameTransferDuration": 19.1661
}