{
  "FrameComputationDuration": 56.560503994172905,
  "FrameDuration": 68.01235400140285,
  "FrameIndex": 3385,
  "FrameTimestamp": 29724353.197,
  "FrameTransferDuration": 20.9293
}