{
  "FrameComputationDuration": 56.242268001136836,
  "FrameDuration": 67.35847399756312,
  "FrameIndex": 3388,
  "FrameTimestamp": 29724851.764999997,
  "FrameTransferDuration": 15.8401
}