{
  "FrameComputationDuration": 57.40058799734106,
  "FrameDuration": 68.13967899978161,
  "FrameIndex": 3401,
  "FrameTimestamp": 29727009.867999997,
  "FrameTransferDuration": 21.5707
}