{
  "FrameComputationDuration": 56.50600900279824,
  "FrameDuration": 69.63853999972343,
  "FrameIndex": 3396,
  "FrameTimestamp": 29726182.745999996,
  "FrameTransferDuration": 15.5585
}