{
  "FrameComputationDuration": 56.59743100160267,
  "FrameDuration": 68.19596600160003,
  "FrameIndex": 3405,
  "FrameTimestamp": 29727675.349999998,
  "FrameTransferDuration": 23.5462
}