{
  "FrameComputationDuration": 66.07223299902398,
  "FrameDuration": 67.44808499887586,
  "FrameIndex": 3923,
  "FrameTimestamp": 31024637.830999997,
  "FrameTransferDuration": 23.3142
}