{
  "FrameComputationDuration": 61.591305994137656,
  "FrameDuration": 68.13620299845934,
  "FrameIndex": 3938,
  "FrameTimestamp": 31026127.411000002,
  "FrameTransferDuration": 20.6832
}