{
  "FrameComputationDuration": 60.09868700359948,
  "FrameDuration": 67.7427050024271,
  "FrameIndex": 3917,
  "FrameTimestamp": 31024041.135999996,
  "FrameTransferDuration": 18.6946
}