{
  "FrameComputationDuration": 60.48767299822066,
  "FrameDuration": 67.10328999906778,
  "FrameIndex": 3940,
  "FrameTimestamp": 31026325.962,
  "FrameTransferDuration": 19.974
}