{
  "FrameComputationDuration": 75.36352400452597,
  "FrameDuration": 67.78990400210023,
  "FrameIndex": 3942,
  "FrameTimestamp": 31026525.495,
  "FrameTransferDuration": 16.8232
}