{
  "FrameComputationDuration": 63.98378299397882,
  "FrameDuration": 70.10225500166416,
  "FrameIndex": 3922,
  "FrameTimestamp": 31024538.025999997,
  "FrameTransferDuration": 19.6177
}