{
  "FrameComputationDuration": 59.0253259940655,
  "FrameDuration": 68.08458799868822,
  "FrameIndex": 3928,
  "FrameTimestamp": 31025134.786000002,
  "FrameTransferDuration": 23.177
}