{
  "FrameComputationDuration": 63.01032500085421,
  "FrameDuration": 67.54853200167418,
  "FrameIndex": 3943,
  "FrameTimestamp": 31026624.333,
  "FrameTransferDuration": 20.6342
}