{
  "FrameComputationDuration": 73.0757810024661,
  "FrameDuration": 67.15529000386596,
  "FrameIndex": 3931,
  "FrameTimestamp": 31025432.024,
  "FrameTransferDuration": 23.3228
}