{
  "FrameComputationDuration": 61.02139299805276,
  "FrameDuration": 67.16261700168252,
  "FrameIndex": 3932,
  "FrameTimestamp": 31025530.778,
  "FrameTransferDuration": 23.4671
}