{
  "FrameComputationDuration": 59.49034400138771,
  "FrameDuration": 68.20250600203872,
  "FrameIndex": 3924,
  "FrameTimestamp": 31024737.609999996,
  "FrameTransferDuration": 23.6195
}