{
  "FrameComputationDuration": 58.64030800096225,
  "FrameDuration": 68.52893299609423,
  "FrameIndex": 3936,
  "FrameTimestamp": 31025929.865,
  "FrameTransferDuration": 24.0051
}