{
  "FrameComputationDuration": 61.77991099690553,
  "FrameDuration": 67.56776400282979,
  "FrameIndex": 3918,
  "FrameTimestamp": 31024139.959999997,
  "FrameTransferDuration": 19.6005
}