{
  "FrameComputationDuration": 75.04899999778718,
  "FrameDuration": 68.09204399958253,
  "FrameIndex": 3941,
  "FrameTimestamp": 31026426.757999998,
  "FrameTransferDuration": 15.1752
}