{
  "FrameComputationDuration": 73.92219999618828,
  "FrameDuration": 67.38578199967742,
  "FrameIndex": 3937,
  "FrameTimestamp": 31026028.689,
  "FrameTransferDuration": 36.2043
}