{
  "FrameComputationDuration": 63.603659997403156,
  "FrameDuration": 69.41432899981737,
  "FrameIndex": 3927,
  "FrameTimestamp": 31025034.935,
  "FrameTransferDuration": 23.2401
}