{
  "FrameComputationDuration": 65.83479700103635,
  "FrameDuration": 69.32738600298762,
  "FrameIndex": 3916,
  "FrameTimestamp": 31023942.369,
  "FrameTransferDuration": 20.8189
}