{
  "FrameComputationDuration": 71.86443699733354,
  "FrameDuration": 68.34205599501729,
  "FrameIndex": 3939,
  "FrameTimestamp": 31026228.27,
  "FrameTransferDuration": 24.3063
}