{
  "FrameComputationDuration": 65.13035899779061,
  "FrameDuration": 67.20280899852514,
  "FrameIndex": 3920,
  "FrameTimestamp": 31024338.518999998,
  "FrameTransferDuration": 23.4761
}