{
  "FrameComputationDuration": 67.69720100378618,
  "FrameDuration": 68.3893509991467,
  "FrameIndex": 3921,
  "FrameTimestamp": 31024441.294999998,
  "FrameTransferDuration": 18.6598
}