{
  "FrameComputationDuration": 70.5621519946144,
  "FrameDuration": 67.57819499820471,
  "FrameIndex": 3935,
  "FrameTimestamp": 31025830.094,
  "FrameTransferDuration": 22.8978
}