{
  "FrameComputationDuration": 62.942165998450946,
  "FrameDuration": 67.29144800454378,
  "FrameIndex": 3919,
  "FrameTimestamp": 31024238.753999997,
  "FrameTransferDuration": 24.6116
}