{
  "FrameComputationDuration": 58.13429900520714,
  "FrameDuration": 67.07013799995184,
  "FrameIndex": 3934,
  "FrameTimestamp": 31025730.307,
  "FrameTransferDuration": 19.9843
}