{
  "FrameComputationDuration": 75.75734099990223,
  "FrameDuration": 67.95591700077057,
  "FrameIndex": 3933,
  "FrameTimestamp": 31025631.535,
  "FrameTransferDuration": 17.4501
}