{
  "FrameComputationDuration": 59.27565800026059,
  "FrameDuration": 67.9038219973445,
  "FrameIndex": 3930,
  "FrameTimestamp": 31025333.201,
  "FrameTransferDuration": 20.4604
}