{
  "FrameComputationDuration": 58.0485079997452,
  "FrameDuration": 67.7318250015378,
  "FrameIndex": 3926,
  "FrameTimestamp": 31024936.110999998,
  "FrameTransferDuration": 25.6318
}