{
  "FrameComputationDuration": 56.25186199962627,
  "FrameDuration": 68.1837220042944,
  "FrameIndex": 3915,
  "FrameTimestamp": 31023842.623,
  "FrameTransferDuration": 21.5794
}