{
  "FrameComputationDuration": 73.15651499916567,
  "FrameDuration": 67.24709600582719,
  "FrameIndex": 3925,
  "FrameTimestamp": 31024836.388,
  "FrameTransferDuration": 27.5748
}