{
  "FrameComputationDuration": 67.41749399865512,
  "FrameDuration": 68.23597700148821,
  "FrameIndex": 3929,
  "FrameTimestamp": 31025234.452999998,
  "FrameTransferDuration": 18.6595
}