{
  "FrameComputationDuration": 56.22473899577744,
  "FrameDuration": 68.24651399627328,
  "FrameIndex": 2940,
  "FrameTimestamp": 28585974.477999996,
  "FrameTransferDuration": 16.0092
}