{
  "FrameComputationDuration": 56.78729100461351,
  "FrameDuration": 67.790456995368,
  "FrameIndex": 2950,
  "FrameTimestamp": 28595949.891,
  "FrameTransferDuration": 19.3921
}