{
  "FrameComputationDuration": 56.29885000415379,
  "FrameDuration": 67.6685709990561,
  "FrameIndex": 2939,
  "FrameTimestamp": 28584976.753000002,
  "FrameTransferDuration": 15.6666
}