{
  "FrameComputationDuration": 56.253569999709725,
  "FrameDuration": 67.63257100433111,
  "FrameIndex": 2938,
  "FrameTimestamp": 28583979.992999997,
  "FrameTransferDuration": 19.1174
}