{
  "FrameComputationDuration": 56.12768500013044,
  "FrameDuration": 67.30803199857473,
  "FrameIndex": 2945,
  "FrameTimestamp": 28590961.176999997,
  "FrameTransferDuration": 19.0979
}