{
  "FrameComputationDuration": 57.12533399654785,
  "FrameDuration": 67.17833699658513,
  "FrameIndex": 2951,
  "FrameTimestamp": 28596946.646,
  "FrameTransferDuration": 16.4782
}