{
  "FrameComputationDuration": 56.500862998422235,
  "FrameDuration": 69.63986899703741,
  "FrameIndex": 2949,
  "FrameTimestamp": 28594952.150000002,
  "FrameTransferDuration": 19.7748
}