{
  "FrameComputationDuration": 56.742779001710005,
  "FrameDuration": 67.25855999439955,
  "FrameIndex": 2947,
  "FrameTimestamp": 28592956.657,
  "FrameTransferDuration": 15.5435
}