{
  "FrameComputationDuration": 56.39593599981163,
  "FrameDuration": 67.93758999928832,
  "FrameIndex": 2944,
  "FrameTimestamp": 28589964.433000002,
  "FrameTransferDuration": 15.7534
}