{
  "FrameComputationDuration": 56.622845999430865,
  "FrameDuration": 68.57950099930167,
  "FrameIndex": 2941,
  "FrameTimestamp": 28586972.208999995,
  "FrameTransferDuration": 18.9505
}