{
  "FrameComputationDuration": 56.51609499985352,
  "FrameDuration": 68.28907299414277,
  "FrameIndex": 2943,
  "FrameTimestamp": 28588966.686,
  "FrameTransferDuration": 15.1542
}