{
  "FrameComputationDuration": 56.82274600188248,
  "FrameDuration": 67.12925099208951,
  "FrameIndex": 2948,
  "FrameTimestamp": 28593954.421,
  "FrameTransferDuration": 16.1096
}