{
  "FrameComputationDuration": 56.19184299663175,
  "FrameDuration": 68.96960800141096,
  "FrameIndex": 2942,
  "FrameTimestamp": 28587968.947999995,
  "FrameTransferDuration": 18.1318
}