{
  "FrameComputationDuration": 56.37312099779956,
  "FrameDuration": 67.21593699976802,
  "FrameIndex": 2946,
  "FrameTimestamp": 28591958.932,
  "FrameTransferDuration": 18.4043
}