{
  "FrameComputationDuration": 56.40387300081784,
  "FrameDuration": 68.00383000448346,
  "FrameIndex": 2937,
  "FrameTimestamp": 28582982.289,
  "FrameTransferDuration": 20.554
}