{
  "FrameComputationDuration": 56.73871600604616,
  "FrameDuration": 67.26943999901414,
  "FrameIndex": 2952,
  "FrameTimestamp": 28597944.407999996,
  "FrameTransferDuration": 16.0627
}