{
  "FrameComputationDuration": 56.894885998248355,
  "FrameDuration": 67.22436200268567,
  "FrameIndex": 1968,
  "FrameTimestamp": 16902918.049,
  "FrameTransferDuration": 20.9969
}