{
  "FrameComputationDuration": 56.76055199638358,
  "FrameDuration": 69.29818700253963,
  "FrameIndex": 1974,
  "FrameTimestamp": 16903965.705,
  "FrameTransferDuration": 18.1494
}