{
  "FrameComputationDuration": 56.80247099645203,
  "FrameDuration": 67.86630399897695,
  "FrameIndex": 1972,
  "FrameTimestamp": 16903616.465,
  "FrameTransferDuration": 18.7015
}