{
  "FrameComputationDuration": 56.81658200066886,
  "FrameDuration": 67.13341900147498,
  "FrameIndex": 1970,
  "FrameTimestamp": 16903267.259999998,
  "FrameTransferDuration": 17.3647
}