{
  "FrameComputationDuration": 57.24166399840033,
  "FrameDuration": 67.29194399900734,
  "FrameIndex": 1967,
  "FrameTimestamp": 16902743.476,
  "FrameTransferDuration": 17.413
}