{
  "FrameComputationDuration": 55.93669199894066,
  "FrameDuration": 68.27820199914277,
  "FrameIndex": 1976,
  "FrameTimestamp": 16904314.865,
  "FrameTransferDuration": 18.5471
}