{
  "FrameComputationDuration": 55.426075000839774,
  "FrameDuration": 68.16559499874711,
  "FrameIndex": 1980,
  "FrameTimestamp": 16905013.314,
  "FrameTransferDuration": 17.5382
}