{
  "FrameComputationDuration": 55.25446199954604,
  "FrameDuration": 69.1249410007149,
  "FrameIndex": 1978,
  "FrameTimestamp": 16904664.099999998,
  "FrameTransferDuration": 17.2844
}