{
  "FrameComputationDuration": 58.15451500139898,
  "FrameDuration": 68.22953099943697,
  "FrameIndex": 1973,
  "FrameTimestamp": 16903790.094,
  "FrameTransferDuration": 21.9822
}