{
  "FrameComputationDuration": 56.81184599859989,
  "FrameDuration": 67.47741400264204,
  "FrameIndex": 1964,
  "FrameTimestamp": 16902219.685999997,
  "FrameTransferDuration": 20.3701
}