{
  "FrameComputationDuration": 56.87526999699185,
  "FrameDuration": 67.17348199896514,
  "FrameIndex": 1965,
  "FrameTimestamp": 16902394.264999997,
  "FrameTransferDuration": 18.6474
}