{
  "FrameComputationDuration": 57.71890499690198,
  "FrameDuration": 69.03854199871421,
  "FrameIndex": 1971,
  "FrameTimestamp": 16903442.882,
  "FrameTransferDuration": 15.9795
}