{
  "FrameComputationDuration": 57.67224900002475,
  "FrameDuration": 67.28596100211143,
  "FrameIndex": 1975,
  "FrameTimestamp": 16904139.299,
  "FrameTransferDuration": 15.6738
}