{
  "FrameComputationDuration": 53.960785999312066,
  "FrameDuration": 67.26109700091183,
  "FrameIndex": 1983,
  "FrameTimestamp": 16905536.139,
  "FrameTransferDuration": 14.836
}