{
  "FrameComputationDuration": 56.79296699806582,
  "FrameDuration": 67.27517700009048,
  "FrameIndex": 1966,
  "FrameTimestamp": 16902568.821999997,
  "FrameTransferDuration": 15.558
}