{
  "FrameComputationDuration": 55.41980299883289,
  "FrameDuration": 67.40435899980366,
  "FrameIndex": 1979,
  "FrameTimestamp": 16904837.777999997,
  "FrameTransferDuration": 15.1266
}