{
  "FrameComputationDuration": 57.79339999804506,
  "FrameDuration": 67.38077499903738,
  "FrameIndex": 1969,
  "FrameTimestamp": 16903092.683,
  "FrameTransferDuration": 19.1703
}