{
  "FrameComputationDuration": 54.11415900132852,
  "FrameDuration": 68.30456999875605,
  "FrameIndex": 1982,
  "FrameTimestamp": 16905362.544999998,
  "FrameTransferDuration": 13.2574
}