{
  "FrameComputationDuration": 55.78683799767168,
  "FrameDuration": 67.29293600097299,
  "FrameIndex": 1977,
  "FrameTimestamp": 16904488.562,
  "FrameTransferDuration": 17.8982
}