{
  "FrameComputationDuration": 55.135263998556184,
  "FrameDuration": 67.2926490008831,
  "FrameIndex": 1981,
  "FrameTimestamp": 16905186.923,
  "FrameTransferDuration": 17.63
}