{
  "FrameComputationDuration": 56.51574000471737,
  "FrameDuration": 67.24018900468946,
  "FrameIndex": 3304,
  "FrameTimestamp": 29474793.698999997,
  "FrameTransferDuration": 14.9274
}