{
  "FrameComputationDuration": 56.44985400541918,
  "FrameDuration": 67.69407100230455,
  "FrameIndex": 3308,
  "FrameTimestamp": 29475591.895,
  "FrameTransferDuration": 17.9429
}