{
  "FrameComputationDuration": 56.38057400257094,
  "FrameDuration": 67.14847999811172,
  "FrameIndex": 3311,
  "FrameTimestamp": 29476188.525000002,
  "FrameTransferDuration": 18.3531
}