{
  "FrameComputationDuration": 56.58559600141598,
  "FrameDuration": 70.71405800804496,
  "FrameIndex": 3306,
  "FrameTimestamp": 29475192.785,
  "FrameTransferDuration": 18.9787
}