{
  "FrameComputationDuration": 57.007413002022076,
  "FrameDuration": 67.67778300121427,
  "FrameIndex": 3320,
  "FrameTimestamp": 29477981.472,
  "FrameTransferDuration": 15.4181
}