{
  "FrameComputationDuration": 56.54463600600138,
  "FrameDuration": 66.95193800330162,
  "FrameIndex": 3319,
  "FrameTimestamp": 29477781.969,
  "FrameTransferDuration": 18.8089
}