{
  "FrameComputationDuration": 56.278624004044104,
  "FrameDuration": 67.28908499702811,
  "FrameIndex": 3307,
  "FrameTimestamp": 29475391.387,
  "FrameTransferDuration": 21.9483
}