{
  "FrameComputationDuration": 56.42089400551049,
  "FrameDuration": 67.229277998209,
  "FrameIndex": 3313,
  "FrameTimestamp": 29476587.679,
  "FrameTransferDuration": 15.0084
}