{
  "FrameComputationDuration": 56.388541997992434,
  "FrameDuration": 67.64831199496984,
  "FrameIndex": 3316,
  "FrameTimestamp": 29477185.304,
  "FrameTransferDuration": 14.7058
}