{
  "FrameComputationDuration": 56.226720001897775,
  "FrameDuration": 68.24139100313187,
  "FrameIndex": 3310,
  "FrameTimestamp": 29475990.002,
  "FrameTransferDuration": 22.5964
}