{
  "FrameComputationDuration": 56.272287996835075,
  "FrameDuration": 67.27014100179076,
  "FrameIndex": 3305,
  "FrameTimestamp": 29474993.264000002,
  "FrameTransferDuration": 15.4923
}