{
  "FrameComputationDuration": 56.141761995793786,
  "FrameDuration": 67.62255199998617,
  "FrameIndex": 3303,
  "FrameTimestamp": 29474595.178,
  "FrameTransferDuration": 18.3421
}