{
  "FrameComputationDuration": 56.9807580022607,
  "FrameDuration": 67.54425000026822,
  "FrameIndex": 3318,
  "FrameTimestamp": 29477583.371999998,
  "FrameTransferDuration": 19.5235
}