{
  "FrameComputationDuration": 56.378142000350635,
  "FrameDuration": 68.3145740032196,
  "FrameIndex": 3312,
  "FrameTimestamp": 29476389.106999997,
  "FrameTransferDuration": 14.464
}