{
  "FrameComputationDuration": 57.145490994269494,
  "FrameDuration": 67.25750099495053,
  "FrameIndex": 3321,
  "FrameTimestamp": 29478180.055999998,
  "FrameTransferDuration": 17.9921
}