{
  "FrameComputationDuration": 56.591419001924805,
  "FrameDuration": 66.7424699999392,
  "FrameIndex": 3317,
  "FrameTimestamp": 29477383.855,
  "FrameTransferDuration": 15.4917
}