{
  "FrameComputationDuration": 56.852855006523896,
  "FrameDuration": 67.82334900274873,
  "FrameIndex": 3322,
  "FrameTimestamp": 29478380.586,
  "FrameTransferDuration": 22.1999
}