{
  "FrameComputationDuration": 56.374271000910085,
  "FrameDuration": 70.03189300373197,
  "FrameIndex": 3302,
  "FrameTimestamp": 29474395.656,
  "FrameTransferDuration": 20.5428
}