{
  "FrameComputationDuration": 56.38982200442115,
  "FrameDuration": 67.3200279995799,
  "FrameIndex": 3315,
  "FrameTimestamp": 29476986.722,
  "FrameTransferDuration": 18.0805
}