{
  "FrameComputationDuration": 56.10771400196245,
  "FrameDuration": 67.80366900190711,
  "FrameIndex": 3314,
  "FrameTimestamp": 29476788.189,
  "FrameTransferDuration": 18.6278
}