{
  "FrameComputationDuration": 56.38748600281542,
  "FrameDuration": 67.81119000539184,
  "FrameIndex": 3309,
  "FrameTimestamp": 29475790.465,
  "FrameTransferDuration": 18.7443
}