{
  "FrameComputationDuration": 58.93901500283391,
  "FrameDuration": 69.53744800388813,
  "FrameIndex": 2468,
  "FrameTimestamp": 18778005.946999997,
  "FrameTransferDuration": 19.0297
}