{
  "FrameComputationDuration": 58.878600000578444,
  "FrameDuration": 69.67866199463606,
  "FrameIndex": 2454,
  "FrameTimestamp": 18776818.643,
  "FrameTransferDuration": 16.0151
}