{
  "FrameComputationDuration": 59.465120000066236,
  "FrameDuration": 67.93548800051212,
  "FrameIndex": 2451,
  "FrameTimestamp": 18776563.222,
  "FrameTransferDuration": 18.4268
}