{
  "FrameComputationDuration": 57.835095997026656,
  "FrameDuration": 68.18569199740887,
  "FrameIndex": 2461,
  "FrameTimestamp": 18777411.325,
  "FrameTransferDuration": 17.7739
}