{
  "FrameComputationDuration": 60.688524998899084,
  "FrameDuration": 69.07883099466562,
  "FrameIndex": 2462,
  "FrameTimestamp": 18777496.112,
  "FrameTransferDuration": 19.6516
}