{
  "FrameComputationDuration": 60.97076100195409,
  "FrameDuration": 67.96083100512624,
  "FrameIndex": 2469,
  "FrameTimestamp": 18778090.805999998,
  "FrameTransferDuration": 15.5549
}