{
  "FrameComputationDuration": 60.49204900136101,
  "FrameDuration": 68.21884400397539,
  "FrameIndex": 2472,
  "FrameTimestamp": 18778345.176,
  "FrameTransferDuration": 19.2471
}