{
  "FrameComputationDuration": 57.01779599892325,
  "FrameDuration": 68.07110200449824,
  "FrameIndex": 2477,
  "FrameTimestamp": 18778770.209,
  "FrameTransferDuration": 13.9365
}