{
  "FrameComputationDuration": 54.4060600012308,
  "FrameDuration": 70.4896889962256,
  "FrameIndex": 2478,
  "FrameTimestamp": 18778855.033999998,
  "FrameTransferDuration": 16.0633
}