{
  "FrameComputationDuration": 58.775689997244626,
  "FrameDuration": 73.0974579975009,
  "FrameIndex": 2459,
  "FrameTimestamp": 18777246.694,
  "FrameTransferDuration": 19.5487
}