{
  "FrameComputationDuration": 60.15778100135503,
  "FrameDuration": 69.67626199871302,
  "FrameIndex": 2458,
  "FrameTimestamp": 18777157.902,
  "FrameTransferDuration": 16.5773
}