{
  "FrameComputationDuration": 59.33820899951388,
  "FrameDuration": 68.15522900223732,
  "FrameIndex": 2453,
  "FrameTimestamp": 18776732.832,
  "FrameTransferDuration": 15.7556
}