{
  "FrameComputationDuration": 58.82010600052308,
  "FrameDuration": 68.36117800325155,
  "FrameIndex": 2473,
  "FrameTimestamp": 18778429.994,
  "FrameTransferDuration": 23.7507
}