{
  "FrameComputationDuration": 59.64508500069496,
  "FrameDuration": 70.73099799826741,
  "FrameIndex": 2470,
  "FrameTimestamp": 18778175.560999997,
  "FrameTransferDuration": 16.1317
}