{
  "FrameComputationDuration": 58.853417003381765,
  "FrameDuration": 68.0450540035963,
  "FrameIndex": 2449,
  "FrameTimestamp": 18776393.615,
  "FrameTransferDuration": 17.4777
}