{
  "FrameComputationDuration": 56.6959460004291,
  "FrameDuration": 67.85852900147438,
  "FrameIndex": 2447,
  "FrameTimestamp": 18776224.031,
  "FrameTransferDuration": 22.6264
}