{
  "FrameComputationDuration": 57.09891500134836,
  "FrameDuration": 68.97223999723792,
  "FrameIndex": 2476,
  "FrameTimestamp": 18778686.432,
  "FrameTransferDuration": 17.6841
}