{
  "FrameComputationDuration": 58.944135998317506,
  "FrameDuration": 70.72286999598145,
  "FrameIndex": 2455,
  "FrameTimestamp": 18776902.437,
  "FrameTransferDuration": 19.5351
}