{
  "FrameComputationDuration": 59.165347999020014,
  "FrameDuration": 67.61747700348496,
  "FrameIndex": 2463,
  "FrameTimestamp": 18777580.912,
  "FrameTransferDuration": 24.2111
}