{
  "FrameComputationDuration": 58.55486100143753,
  "FrameDuration": 70.29474899917841,
  "FrameIndex": 2450,
  "FrameTimestamp": 18776480.424,
  "FrameTransferDuration": 16.3353
}