{
  "FrameComputationDuration": 60.44030499854125,
  "FrameDuration": 68.48287199810147,
  "FrameIndex": 2465,
  "FrameTimestamp": 18777751.558,
  "FrameTransferDuration": 18.8273
}