{
  "FrameComputationDuration": 57.546653004246764,
  "FrameDuration": 70.65714299678802,
  "FrameIndex": 2474,
  "FrameTimestamp": 18778515.794,
  "FrameTransferDuration": 27.3413
}