{
  "FrameComputationDuration": 57.937943001423264,
  "FrameDuration": 70.33465200290084,
  "FrameIndex": 2452,
  "FrameTimestamp": 18776650.040999997,
  "FrameTransferDuration": 19.427
}