{
  "FrameComputationDuration": 58.632652000087546,
  "FrameDuration": 71.10414399951696,
  "FrameIndex": 2456,
  "FrameTimestamp": 18776989.24,
  "FrameTransferDuration": 19.0657
}