{
  "FrameComputationDuration": 58.59943600007682,
  "FrameDuration": 67.97801599651575,
  "FrameIndex": 2466,
  "FrameTimestamp": 18777836.384999998,
  "FrameTransferDuration": 16.0353
}