{
  "FrameComputationDuration": 54.75418300234014,
  "FrameDuration": 68.1285409964621,
  "FrameIndex": 2479,
  "FrameTimestamp": 18778939.939,
  "FrameTransferDuration": 17.7886
}