{
  "FrameComputationDuration": 56.91872600099305,
  "FrameDuration": 68.71957200020552,
  "FrameIndex": 2481,
  "FrameTimestamp": 18779109.448,
  "FrameTransferDuration": 14.0937
}