{
  "FrameComputationDuration": 61.82086100053857,
  "FrameDuration": 69.25191599875689,
  "FrameIndex": 2460,
  "FrameTimestamp": 18777327.496,
  "FrameTransferDuration": 58.1267
}