{
  "FrameComputationDuration": 56.109395000879886,
  "FrameDuration": 68.93560099974275,
  "FrameIndex": 2480,
  "FrameTimestamp": 18779024.636,
  "FrameTransferDuration": 17.5494
}