{
  "FrameComputationDuration": 57.21638599969447,
  "FrameDuration": 68.1934680044651,
  "FrameIndex": 2482,
  "FrameTimestamp": 18779194.244999997,
  "FrameTransferDuration": 14.6049
}