{
  "FrameComputationDuration": 59.913209002814256,
  "FrameDuration": 68.16082800924778,
  "FrameIndex": 2467,
  "FrameTimestamp": 18777921.174,
  "FrameTransferDuration": 19.436
}