{
  "FrameComputationDuration": 59.403104001656175,
  "FrameDuration": 67.27818599715829,
  "FrameIndex": 2448,
  "FrameTimestamp": 18776307.845,
  "FrameTransferDuration": 19.6617
}