{
  "FrameComputationDuration": 57.279039999615634,
  "FrameDuration": 68.90008099377155,
  "FrameIndex": 2475,
  "FrameTimestamp": 18778601.860999998,
  "FrameTransferDuration": 17.1709
}