{
  "FrameComputationDuration": 58.99690199876204,
  "FrameDuration": 70.59339999780059,
  "FrameIndex": 2471,
  "FrameTimestamp": 18778262.369999997,
  "FrameTransferDuration": 18.2862
}