{
  "FrameComputationDuration": 58.937735999701545,
  "FrameDuration": 73.45210899785161,
  "FrameIndex": 2457,
  "FrameTimestamp": 18777074.064999998,
  "FrameTransferDuration": 15.5496
}