{
  "FrameComputationDuration": 59.27712200031965,
  "FrameDuration": 68.90468899905682,
  "FrameIndex": 2464,
  "FrameTimestamp": 18777666.755999997,
  "FrameTransferDuration": 22.6816
}