{
  "FrameComputationDuration": 56.223885999585036,
  "FrameDuration": 66.76764399930835,
  "FrameIndex": 3612,
  "FrameTimestamp": 30201718.407,
  "FrameTransferDuration": 15.5716
}