{
  "FrameComputationDuration": 57.10729800234549,
  "FrameDuration": 69.83297599852085,
  "FrameIndex": 3606,
  "FrameTimestamp": 30200890.455000002,
  "FrameTransferDuration": 19.8483
}