{
  "FrameComputationDuration": 56.45524300134275,
  "FrameDuration": 67.35064300149679,
  "FrameIndex": 3616,
  "FrameTimestamp": 30202272.187999997,
  "FrameTransferDuration": 15.2053
}