{
  "FrameComputationDuration": 56.638280001527164,
  "FrameDuration": 67.29240299388766,
  "FrameIndex": 3609,
  "FrameTimestamp": 30201304.359999996,
  "FrameTransferDuration": 19.0791
}