{
  "FrameComputationDuration": 56.35847599618137,
  "FrameDuration": 67.765580996871,
  "FrameIndex": 3613,
  "FrameTimestamp": 30201857.113999996,
  "FrameTransferDuration": 18.8011
}