{
  "FrameComputationDuration": 56.206255001423415,
  "FrameDuration": 67.16459800302982,
  "FrameIndex": 3623,
  "FrameTimestamp": 30203239.005,
  "FrameTransferDuration": 15.203
}