{
  "FrameComputationDuration": 56.44788399426034,
  "FrameDuration": 67.13848499581218,
  "FrameIndex": 3622,
  "FrameTimestamp": 30203100.285,
  "FrameTransferDuration": 22.333
}