{
  "FrameComputationDuration": 56.57904900005087,
  "FrameDuration": 70.33984899893403,
  "FrameIndex": 3625,
  "FrameTimestamp": 30203516.41,
  "FrameTransferDuration": 19.9967
}