{
  "FrameComputationDuration": 56.501577999442816,
  "FrameDuration": 68.32061299681664,
  "FrameIndex": 3608,
  "FrameTimestamp": 30201167.701999996,
  "FrameTransferDuration": 15.4967
}