{
  "FrameComputationDuration": 56.55850499967346,
  "FrameDuration": 67.82788499444723,
  "FrameIndex": 3629,
  "FrameTimestamp": 30204069.172999997,
  "FrameTransferDuration": 19.3308
}