{
  "FrameComputationDuration": 56.33953299629502,
  "FrameDuration": 69.94619100540876,
  "FrameIndex": 3601,
  "FrameTimestamp": 30200199.874,
  "FrameTransferDuration": 20.3683
}