{
  "FrameComputationDuration": 56.783141997118946,
  "FrameDuration": 67.78471700102091,
  "FrameIndex": 3618,
  "FrameTimestamp": 30202547.550999995,
  "FrameTransferDuration": 17.9183
}