{
  "FrameComputationDuration": 56.359052998712286,
  "FrameDuration": 69.90436700358987,
  "FrameIndex": 3611,
  "FrameTimestamp": 30201580.729,
  "FrameTransferDuration": 14.6409
}