{
  "FrameComputationDuration": 57.35359899530886,
  "FrameDuration": 67.31880400329828,
  "FrameIndex": 3631,
  "FrameTimestamp": 30204345.477,
  "FrameTransferDuration": 15.6782
}