{
  "FrameComputationDuration": 56.811173999798484,
  "FrameDuration": 69.96846200153232,
  "FrameIndex": 3621,
  "FrameTimestamp": 30202964.256,
  "FrameTransferDuration": 19.3746
}