{
  "FrameComputationDuration": 56.425802998186555,
  "FrameDuration": 67.5030239969492,
  "FrameIndex": 3620,
  "FrameTimestamp": 30202823.928,
  "FrameTransferDuration": 15.3393
}