{
  "FrameComputationDuration": 56.550634000624996,
  "FrameDuration": 68.01191299781203,
  "FrameIndex": 3628,
  "FrameTimestamp": 30203930.407,
  "FrameTransferDuration": 15.9494
}