{
  "FrameComputationDuration": 56.249901994888205,
  "FrameDuration": 67.35480300337076,
  "FrameIndex": 3605,
  "FrameTimestamp": 30200752.599999998,
  "FrameTransferDuration": 19.5976
}