{
  "FrameComputationDuration": 56.94349200488068,
  "FrameDuration": 69.69089799374342,
  "FrameIndex": 3627,
  "FrameTimestamp": 30203792.733,
  "FrameTransferDuration": 15.6939
}