{
  "FrameComputationDuration": 56.80371799878776,
  "FrameDuration": 67.74465399980545,
  "FrameIndex": 3632,
  "FrameTimestamp": 30204483.148,
  "FrameTransferDuration": 16.1561
}