{
  "FrameComputationDuration": 55.87262699427083,
  "FrameDuration": 68.09780000150204,
  "FrameIndex": 3619,
  "FrameTimestamp": 30202686.512,
  "FrameTransferDuration": 14.7788
}