{
  "FrameComputationDuration": 56.354637002863456,
  "FrameDuration": 67.25301199778914,
  "FrameIndex": 3615,
  "FrameTimestamp": 30202133.488,
  "FrameTransferDuration": 14.5352
}