{
  "FrameComputationDuration": 56.25412599998526,
  "FrameDuration": 66.78338700532913,
  "FrameIndex": 3614,
  "FrameTimestamp": 30201994.790999997,
  "FrameTransferDuration": 18.5247
}