{
  "FrameComputationDuration": 56.30747000471456,
  "FrameDuration": 69.13721000403166,
  "FrameIndex": 3603,
  "FrameTimestamp": 30200476.289,
  "FrameTransferDuration": 14.5926
}