{
  "FrameComputationDuration": 56.703976007469464,
  "FrameDuration": 66.70518000423908,
  "FrameIndex": 3602,
  "FrameTimestamp": 30200337.536000002,
  "FrameTransferDuration": 18.2714
}