{
  "FrameComputationDuration": 56.56218599458225,
  "FrameDuration": 67.17288499698043,
  "FrameIndex": 3630,
  "FrameTimestamp": 30204206.792,
  "FrameTransferDuration": 18.8785
}