{
  "FrameComputationDuration": 56.27607699815417,
  "FrameDuration": 67.27665999531746,
  "FrameIndex": 3617,
  "FrameTimestamp": 30202409.855999995,
  "FrameTransferDuration": 18.7752
}