{
  "FrameComputationDuration": 56.4713389967219,
  "FrameDuration": 67.45019400119781,
  "FrameIndex": 3604,
  "FrameTimestamp": 30200614.925,
  "FrameTransferDuration": 15.4184
}