{
  "FrameComputationDuration": 55.997649992699735,
  "FrameDuration": 69.17228100076318,
  "FrameIndex": 3610,
  "FrameTimestamp": 30201442.043999996,
  "FrameTransferDuration": 18.4265
}