{
  "FrameComputationDuration": 56.34359700465575,
  "FrameDuration": 67.19205299392343,
  "FrameIndex": 3626,
  "FrameTimestamp": 30203653.043,
  "FrameTransferDuration": 19.1517
}