{
  "FrameComputationDuration": 56.42989899852546,
  "FrameDuration": 67.66334299743176,
  "FrameIndex": 3607,
  "FrameTimestamp": 30201028.966999996,
  "FrameTransferDuration": 14.5965
}