{
  "FrameComputationDuration": 56.702311005443335,
  "FrameDuration": 67.8791789971292,
  "FrameIndex": 3624,
  "FrameTimestamp": 30203377.723999996,
  "FrameTransferDuration": 15.9007
}