{
  "FrameComputationDuration": 59.50662799848942,
  "FrameDuration": 68.21500900015235,
  "FrameIndex": 2216,
  "FrameTimestamp": 18161280.968,
  "FrameTransferDuration": 20.4353
}