{
  "FrameComputationDuration": 56.93844299856573,
  "FrameDuration": 75.60085099935532,
  "FrameIndex": 2200,
  "FrameTimestamp": 18159522.884,
  "FrameTransferDuration": 22.4328
}