{
  "FrameComputationDuration": 68.58978799829492,
  "FrameDuration": 68.75077700614929,
  "FrameIndex": 2213,
  "FrameTimestamp": 18160949.625,
  "FrameTransferDuration": 24.4662
}