{
  "FrameComputationDuration": 76.80185699957656,
  "FrameDuration": 67.35623800382018,
  "FrameIndex": 2208,
  "FrameTimestamp": 18160397.895,
  "FrameTransferDuration": 19.3869
}