{
  "FrameComputationDuration": 68.29420800163643,
  "FrameDuration": 68.2225299961865,
  "FrameIndex": 2205,
  "FrameTimestamp": 18160067.680999998,
  "FrameTransferDuration": 20.9152
}