{
  "FrameComputationDuration": 56.122518998832675,
  "FrameDuration": 69.60148500278592,
  "FrameIndex": 2223,
  "FrameTimestamp": 18162054.116,
  "FrameTransferDuration": 16.2763
}