{
  "FrameComputationDuration": 64.96997100088629,
  "FrameDuration": 71.73898899555206,
  "FrameIndex": 2219,
  "FrameTimestamp": 18161613.154999997,
  "FrameTransferDuration": 15.5944
}