{
  "FrameComputationDuration": 62.021854997670744,
  "FrameDuration": 68.44582199677825,
  "FrameIndex": 2221,
  "FrameTimestamp": 18161833.641999997,
  "FrameTransferDuration": 19.0625
}