{
  "FrameComputationDuration": 65.35818899827427,
  "FrameDuration": 69.50417499989271,
  "FrameIndex": 2220,
  "FrameTimestamp": 18161722.919,
  "FrameTransferDuration": 29.0625
}