{
  "FrameComputationDuration": 58.8163339998282,
  "FrameDuration": 69.83274500072002,
  "FrameIndex": 2217,
  "FrameTimestamp": 18161391.575,
  "FrameTransferDuration": 28.6964
}