{
  "FrameComputationDuration": 74.99061999871628,
  "FrameDuration": 69.22203500196338,
  "FrameIndex": 2215,
  "FrameTimestamp": 18161171.139,
  "FrameTransferDuration": 15.9035
}