{
  "FrameComputationDuration": 72.11818300289451,
  "FrameDuration": 68.25635299831629,
  "FrameIndex": 2203,
  "FrameTimestamp": 18159847.125,
  "FrameTransferDuration": 16.3543
}