{
  "FrameComputationDuration": 65.3478200006648,
  "FrameDuration": 71.91428199410439,
  "FrameIndex": 2218,
  "FrameTimestamp": 18161502.355,
  "FrameTransferDuration": 14.7578
}