{
  "FrameComputationDuration": 70.396032000368,
  "FrameDuration": 68.48342100158334,
  "FrameIndex": 2211,
  "FrameTimestamp": 18160730.143999998,
  "FrameTransferDuration": 19.9595
}