{
  "FrameComputationDuration": 68.71090600080788,
  "FrameDuration": 72.34595499932766,
  "FrameIndex": 2206,
  "FrameTimestamp": 18160178.362999998,
  "FrameTransferDuration": 15.5893
}