{
  "FrameComputationDuration": 66.01529799823766,
  "FrameDuration": 70.53628699854016,
  "FrameIndex": 2207,
  "FrameTimestamp": 18160288.158,
  "FrameTransferDuration": 19.4955
}