{
  "FrameComputationDuration": 59.53805199859198,
  "FrameDuration": 68.95598999783397,
  "FrameIndex": 2222,
  "FrameTimestamp": 18161943.371,
  "FrameTransferDuration": 16.1854
}