{
  "FrameComputationDuration": 63.84525099789607,
  "FrameDuration": 70.112773001194,
  "FrameIndex": 2209,
  "FrameTimestamp": 18160508.661,
  "FrameTransferDuration": 21.0182
}