{
  "FrameComputationDuration": 68.07117100001778,
  "FrameDuration": 68.91599100455642,
  "FrameIndex": 2210,
  "FrameTimestamp": 18160619.386,
  "FrameTransferDuration": 14.8726
}