{
  "FrameComputationDuration": 69.22293000033824,
  "FrameDuration": 67.86189500242472,
  "FrameIndex": 2202,
  "FrameTimestamp": 18159735.388,
  "FrameTransferDuration": 17.7566
}