{
  "FrameComputationDuration": 61.32954500091728,
  "FrameDuration": 72.16624600067735,
  "FrameIndex": 2201,
  "FrameTimestamp": 18159625.612999998,
  "FrameTransferDuration": 19.8214
}