{
  "FrameComputationDuration": 73.71060700228554,
  "FrameDuration": 67.94448499754071,
  "FrameIndex": 2204,
  "FrameTimestamp": 18159956.926,
  "FrameTransferDuration": 19.8287
}