{
  "FrameComputationDuration": 73.64036799941096,
  "FrameDuration": 68.50114899873734,
  "FrameIndex": 2214,
  "FrameTimestamp": 18161060.373999998,
  "FrameTransferDuration": 15.3396
}