{
  "FrameComputationDuration": 65.46343399927719,
  "FrameDuration": 68.34703899919987,
  "FrameIndex": 2212,
  "FrameTimestamp": 18160839.889,
  "FrameTransferDuration": 20.7557
}