{
  "FrameComputationDuration": 56.40457500080811,
  "FrameDuration": 67.28787000104785,
  "FrameIndex": 3076,
  "FrameTimestamp": 28944922.044999998,
  "FrameTransferDuration": 19.2214
}