{
  "FrameComputationDuration": 56.41126300155884,
  "FrameDuration": 67.37106900289655,
  "FrameIndex": 3084,
  "FrameTimestamp": 28947580.018999998,
  "FrameTransferDuration": 19.3399
}