{
  "FrameComputationDuration": 56.67823500116356,
  "FrameDuration": 67.22537500038743,
  "FrameIndex": 3086,
  "FrameTimestamp": 28948244.499999996,
  "FrameTransferDuration": 16.046
}