{
  "FrameComputationDuration": 56.45657500170637,
  "FrameDuration": 67.18995200097561,
  "FrameIndex": 3079,
  "FrameTimestamp": 28945918.77,
  "FrameTransferDuration": 15.6862
}