{
  "FrameComputationDuration": 56.6059799984796,
  "FrameDuration": 70.15083599835634,
  "FrameIndex": 3087,
  "FrameTimestamp": 28948576.74,
  "FrameTransferDuration": 15.9949
}