{
  "FrameComputationDuration": 56.35561599605717,
  "FrameDuration": 70.15441999956965,
  "FrameIndex": 3083,
  "FrameTimestamp": 28947247.768999998,
  "FrameTransferDuration": 15.2611
}