{
  "FrameComputationDuration": 56.86770400038222,
  "FrameDuration": 67.153984002769,
  "FrameIndex": 3085,
  "FrameTimestamp": 28947912.262,
  "FrameTransferDuration": 18.6223
}