{
  "FrameComputationDuration": 56.28912099887384,
  "FrameDuration": 67.23324700817466,
  "FrameIndex": 3081,
  "FrameTimestamp": 28946583.259,
  "FrameTransferDuration": 18.089
}