{
  "FrameComputationDuration": 56.331521002051886,
  "FrameDuration": 67.24972699955106,
  "FrameIndex": 3075,
  "FrameTimestamp": 28944589.781,
  "FrameTransferDuration": 15.6824
}