{
  "FrameComputationDuration": 56.42147099529393,
  "FrameDuration": 67.194015994668,
  "FrameIndex": 3077,
  "FrameTimestamp": 28945254.264000002,
  "FrameTransferDuration": 18.4185
}