{
  "FrameComputationDuration": 56.322240998677444,
  "FrameDuration": 67.80687000229955,
  "FrameIndex": 3072,
  "FrameTimestamp": 28943594.094999995,
  "FrameTransferDuration": 20.4571
}