{
  "FrameComputationDuration": 56.46940600220114,
  "FrameDuration": 67.23836700245738,
  "FrameIndex": 3082,
  "FrameTimestamp": 28946915.517999995,
  "FrameTransferDuration": 14.8283
}