{
  "FrameComputationDuration": 56.31903999770293,
  "FrameDuration": 67.31174200028181,
  "FrameIndex": 3078,
  "FrameTimestamp": 28945586.550999995,
  "FrameTransferDuration": 14.5182
}