{
  "FrameComputationDuration": 57.24017899745377,
  "FrameDuration": 67.1950070001185,
  "FrameIndex": 3088,
  "FrameTimestamp": 28948908.977,
  "FrameTransferDuration": 20.0715
}