{
  "FrameComputationDuration": 56.64985100267222,
  "FrameDuration": 67.32329399511218,
  "FrameIndex": 3080,
  "FrameTimestamp": 28946251.035,
  "FrameTransferDuration": 18.9337
}