{
  "FrameComputationDuration": 56.254048999166116,
  "FrameDuration": 67.14646400511265,
  "FrameIndex": 3073,
  "FrameTimestamp": 28943925.267,
  "FrameTransferDuration": 18.5558
}