{
  "FrameComputationDuration": 56.97778299485799,
  "FrameDuration": 67.50505099445581,
  "FrameIndex": 3089,
  "FrameTimestamp": 28949241.253000002,
  "FrameTransferDuration": 19.0278
}