{
  "FrameComputationDuration": 56.44399799162056,
  "FrameDuration": 67.2532790005207,
  "FrameIndex": 3074,
  "FrameTimestamp": 28944257.510999996,
  "FrameTransferDuration": 14.6955
}