{
  "FrameComputationDuration": 45.94660300097166,
  "FrameDuration": 78.05835300125182,
  "FrameIndex": 1069,
  "FrameTimestamp": 6973150.208,
  "FrameTransferDuration": 17.2778
}