{
  "FrameComputationDuration": 46.04631399857317,
  "FrameDuration": 79.40453899931163,
  "FrameIndex": 1075,
  "FrameTimestamp": 6976141.424,
  "FrameTransferDuration": 15.6502
}