{
  "FrameComputationDuration": 46.20755900057702,
  "FrameDuration": 77.57628000061959,
  "FrameIndex": 1066,
  "FrameTimestamp": 6971654.588,
  "FrameTransferDuration": 17.5449
}