{
  "FrameComputationDuration": 46.19111199973122,
  "FrameDuration": 77.22636600024998,
  "FrameIndex": 1071,
  "FrameTimestamp": 6974146.95,
  "FrameTransferDuration": 16.3296
}