{
  "FrameComputationDuration": 45.9451000010522,
  "FrameDuration": 77.18038300145417,
  "FrameIndex": 1067,
  "FrameTimestamp": 6972152.461,
  "FrameTransferDuration": 16.8674
}