{
  "FrameComputationDuration": 46.106217000029574,
  "FrameDuration": 79.84437300078571,
  "FrameIndex": 1065,
  "FrameTimestamp": 6971156.708,
  "FrameTransferDuration": 17.2941
}