{
  "FrameComputationDuration": 45.930666999593086,
  "FrameDuration": 78.3799149999395,
  "FrameIndex": 1072,
  "FrameTimestamp": 6974646.803,
  "FrameTransferDuration": 13.7319
}