{
  "FrameComputationDuration": 46.097704999257985,
  "FrameDuration": 77.67375100031495,
  "FrameIndex": 1064,
  "FrameTimestamp": 6970657.849,
  "FrameTransferDuration": 14.5684
}