{
  "FrameComputationDuration": 45.929899000962905,
  "FrameDuration": 79.10310400091112,
  "FrameIndex": 1074,
  "FrameTimestamp": 6975643.546999999,
  "FrameTransferDuration": 16.3031
}