{
  "FrameComputationDuration": 46.152360000683984,
  "FrameDuration": 78.01835300028324,
  "FrameIndex": 1063,
  "FrameTimestamp": 6970159.004,
  "FrameTransferDuration": 18.2155
}