{
  "FrameComputationDuration": 46.09133700113307,
  "FrameDuration": 77.41273099929094,
  "FrameIndex": 1068,
  "FrameTimestamp": 6972651.306999999,
  "FrameTransferDuration": 15.0938
}