{
  "FrameComputationDuration": 46.00129100056802,
  "FrameDuration": 78.06945599988103,
  "FrameIndex": 1073,
  "FrameTimestamp": 6975144.686,
  "FrameTransferDuration": 17.0523
}