{
  "FrameComputationDuration": 46.0603930007419,
  "FrameDuration": 77.20578999910504,
  "FrameIndex": 1070,
  "FrameTimestamp": 6973648.063,
  "FrameTransferDuration": 17.2169
}