{
  "FrameComputationDuration": 45.635920998356596,
  "FrameDuration": 77.24284700024873,
  "FrameIndex": 984,
  "FrameTimestamp": 6740951.755,
  "FrameTransferDuration": 20.6871
}