{
  "FrameComputationDuration": 46.03130699933536,
  "FrameDuration": 77.1888320017606,
  "FrameIndex": 978,
  "FrameTimestamp": 6738958.261999999,
  "FrameTransferDuration": 14.4241
}