{
  "FrameComputationDuration": 46.18285700093111,
  "FrameDuration": 79.01193999871612,
  "FrameIndex": 974,
  "FrameTimestamp": 6737630.281,
  "FrameTransferDuration": 14.5292
}