{
  "FrameComputationDuration": 46.06772199940315,
  "FrameDuration": 77.23276799917221,
  "FrameIndex": 987,
  "FrameTimestamp": 6741948.506,
  "FrameTransferDuration": 21.0824
}