{
  "FrameComputationDuration": 46.08977000091545,
  "FrameDuration": 77.24662299919873,
  "FrameIndex": 976,
  "FrameTimestamp": 6738293.776,
  "FrameTransferDuration": 17.5301
}