{
  "FrameComputationDuration": 46.09031399939704,
  "FrameDuration": 77.93061200063676,
  "FrameIndex": 973,
  "FrameTimestamp": 6737298.073,
  "FrameTransferDuration": 18.2569
}