{
  "FrameComputationDuration": 45.96935599891731,
  "FrameDuration": 78.28103900142014,
  "FrameIndex": 977,
  "FrameTimestamp": 6738627.03,
  "FrameTransferDuration": 16.7816
}