{
  "FrameComputationDuration": 45.83966199988936,
  "FrameDuration": 77.27679899986833,
  "FrameIndex": 985,
  "FrameTimestamp": 6741284.003,
  "FrameTransferDuration": 20.2668
}