{
  "FrameComputationDuration": 46.16416900022159,
  "FrameDuration": 77.29782299976796,
  "FrameIndex": 979,
  "FrameTimestamp": 6739290.538,
  "FrameTransferDuration": 21.1142
}