{
  "FrameComputationDuration": 45.9314359994969,
  "FrameDuration": 78.0664819991216,
  "FrameIndex": 981,
  "FrameTimestamp": 6739956.003,
  "FrameTransferDuration": 20.3215
}