{
  "FrameComputationDuration": 45.92017300132284,
  "FrameDuration": 77.36332600191236,
  "FrameIndex": 982,
  "FrameTimestamp": 6740287.294999999,
  "FrameTransferDuration": 17.4972
}