{
  "FrameComputationDuration": 45.951116001095215,
  "FrameDuration": 78.07662700023502,
  "FrameIndex": 983,
  "FrameTimestamp": 6740620.463999999,
  "FrameTransferDuration": 21.1847
}