{
  "FrameComputationDuration": 46.01361099964561,
  "FrameDuration": 77.3715179990977,
  "FrameIndex": 980,
  "FrameTimestamp": 6739622.771999999,
  "FrameTransferDuration": 21.0142
}