{
  "FrameComputationDuration": 45.97854000003281,
  "FrameDuration": 77.33327800128609,
  "FrameIndex": 975,
  "FrameTimestamp": 6737961.538,
  "FrameTransferDuration": 16.8615
}