{
  "FrameComputationDuration": 45.97735599931184,
  "FrameDuration": 78.19185699895024,
  "FrameIndex": 986,
  "FrameTimestamp": 6741617.267,
  "FrameTransferDuration": 17.4028
}