{
  "FrameComputationDuration": 46.086104999536474,
  "FrameDuration": 80.18925199937075,
  "FrameIndex": 1344,
  "FrameTimestamp": 7729643.026,
  "FrameTransferDuration": 17.3835
}