{
  "FrameComputationDuration": 47.222888999305724,
  "FrameDuration": 79.05714099947363,
  "FrameIndex": 1331,
  "FrameTimestamp": 7728207.268,
  "FrameTransferDuration": 14.8217
}