{
  "FrameComputationDuration": 46.02799400022923,
  "FrameDuration": 78.46812500059605,
  "FrameIndex": 1340,
  "FrameTimestamp": 7729201.0200000005,
  "FrameTransferDuration": 17.9119
}