{
  "FrameComputationDuration": 46.05346600154735,
  "FrameDuration": 80.25641900021583,
  "FrameIndex": 1336,
  "FrameTimestamp": 7728759.976999999,
  "FrameTransferDuration": 17.8951
}