{
  "FrameComputationDuration": 46.21938399931969,
  "FrameDuration": 81.41060900036246,
  "FrameIndex": 1329,
  "FrameTimestamp": 7727985.760999999,
  "FrameTransferDuration": 18.2169
}