{
  "FrameComputationDuration": 46.00060300050973,
  "FrameDuration": 79.69172300025821,
  "FrameIndex": 1343,
  "FrameTimestamp": 7729532.267,
  "FrameTransferDuration": 14.3881
}