{
  "FrameComputationDuration": 45.92505199980951,
  "FrameDuration": 79.35448000021279,
  "FrameIndex": 1326,
  "FrameTimestamp": 7727654.510999999,
  "FrameTransferDuration": 19.722
}