{
  "FrameComputationDuration": 46.53845099906175,
  "FrameDuration": 79.07659700140357,
  "FrameIndex": 1327,
  "FrameTimestamp": 7727764.284999999,
  "FrameTransferDuration": 15.1462
}