{
  "FrameComputationDuration": 45.88556399943627,
  "FrameDuration": 81.58580699935555,
  "FrameIndex": 1345,
  "FrameTimestamp": 7729752.740999999,
  "FrameTransferDuration": 17.7324
}