{
  "FrameComputationDuration": 46.01663500043651,
  "FrameDuration": 79.39873499888927,
  "FrameIndex": 1330,
  "FrameTimestamp": 7728096.472,
  "FrameTransferDuration": 17.6066
}