{
  "FrameComputationDuration": 46.232726999958686,
  "FrameDuration": 81.7247810009867,
  "FrameIndex": 1335,
  "FrameTimestamp": 7728651.234,
  "FrameTransferDuration": 15.2251
}