{
  "FrameComputationDuration": 47.24253699872497,
  "FrameDuration": 82.17837399896234,
  "FrameIndex": 1337,
  "FrameTimestamp": 7728870.759999999,
  "FrameTransferDuration": 18.6218
}