{
  "FrameComputationDuration": 46.00399399908929,
  "FrameDuration": 79.51636500004679,
  "FrameIndex": 1341,
  "FrameTimestamp": 7729311.781999999,
  "FrameTransferDuration": 17.5828
}