{
  "FrameComputationDuration": 46.23810299961042,
  "FrameDuration": 82.27363700140268,
  "FrameIndex": 1334,
  "FrameTimestamp": 7728538.492,
  "FrameTransferDuration": 17.7627
}