{
  "FrameComputationDuration": 45.92383600014,
  "FrameDuration": 83.44594000093639,
  "FrameIndex": 1332,
  "FrameTimestamp": 7728319.009999999,
  "FrameTransferDuration": 18.5038
}