{
  "FrameComputationDuration": 46.07567399988329,
  "FrameDuration": 80.28476999979466,
  "FrameIndex": 1333,
  "FrameTimestamp": 7728427.774999999,
  "FrameTransferDuration": 18.3116
}