{
  "FrameComputationDuration": 46.074874000994896,
  "FrameDuration": 80.69340500142425,
  "FrameIndex": 1338,
  "FrameTimestamp": 7728981.505,
  "FrameTransferDuration": 17.4778
}