{
  "FrameComputationDuration": 46.09368999947765,
  "FrameDuration": 79.96586300060153,
  "FrameIndex": 1328,
  "FrameTimestamp": 7727876.04,
  "FrameTransferDuration": 18.0534
}