{
  "FrameComputationDuration": 45.975035000061325,
  "FrameDuration": 79.47703799977899,
  "FrameIndex": 1342,
  "FrameTimestamp": 7729421.509999999,
  "FrameTransferDuration": 16.6351
}