{
  "FrameComputationDuration": 45.97954700190894,
  "FrameDuration": 78.70850600022823,
  "FrameIndex": 1339,
  "FrameTimestamp": 7729091.191999999,
  "FrameTransferDuration": 14.3109
}