{
  "FrameComputationDuration": 46.077354999993986,
  "FrameDuration": 78.16987299919128,
  "FrameIndex": 964,
  "FrameTimestamp": 6677377.653,
  "FrameTransferDuration": 20.4406
}