{
  "FrameComputationDuration": 45.93700499894476,
  "FrameDuration": 78.08296300005168,
  "FrameIndex": 963,
  "FrameTimestamp": 6677045.409999999,
  "FrameTransferDuration": 21.2134
}