{
  "FrameComputationDuration": 46.14333800070017,
  "FrameDuration": 77.62293799873441,
  "FrameIndex": 957,
  "FrameTimestamp": 6675050.926,
  "FrameTransferDuration": 21.3741
}