{
  "FrameComputationDuration": 46.066826999049226,
  "FrameDuration": 77.23126500006765,
  "FrameIndex": 961,
  "FrameTimestamp": 6676379.9180000005,
  "FrameTransferDuration": 20.0515
}