{
  "FrameComputationDuration": 46.03505200077052,
  "FrameDuration": 78.17300999816507,
  "FrameIndex": 955,
  "FrameTimestamp": 6674387.415,
  "FrameTransferDuration": 21.0994
}