{
  "FrameComputationDuration": 46.2882629996966,
  "FrameDuration": 78.82163900136948,
  "FrameIndex": 956,
  "FrameTimestamp": 6674718.671999999,
  "FrameTransferDuration": 21.3582
}