{
  "FrameComputationDuration": 46.17949699973542,
  "FrameDuration": 77.228032999672,
  "FrameIndex": 966,
  "FrameTimestamp": 6678041.137999999,
  "FrameTransferDuration": 16.1441
}