{
  "FrameComputationDuration": 46.06317799847602,
  "FrameDuration": 77.34886199980974,
  "FrameIndex": 962,
  "FrameTimestamp": 6676712.156999999,
  "FrameTransferDuration": 17.5154
}