{
  "FrameComputationDuration": 46.03773899940279,
  "FrameDuration": 77.19750500097871,
  "FrameIndex": 960,
  "FrameTimestamp": 6676047.678,
  "FrameTransferDuration": 21.4483
}