{
  "FrameComputationDuration": 46.260008000979724,
  "FrameDuration": 78.1487859999761,
  "FrameIndex": 958,
  "FrameTimestamp": 6675384.156999999,
  "FrameTransferDuration": 17.8838
}