{
  "FrameComputationDuration": 45.82683100115537,
  "FrameDuration": 77.2677440000698,
  "FrameIndex": 959,
  "FrameTimestamp": 6675715.413,
  "FrameTransferDuration": 21.1483
}