{
  "FrameComputationDuration": 46.43731599934836,
  "FrameDuration": 78.27505599986762,
  "FrameIndex": 953,
  "FrameTimestamp": 6673721.998999999,
  "FrameTransferDuration": 19.0023
}