{
  "FrameComputationDuration": 46.09114599989698,
  "FrameDuration": 77.44850899931043,
  "FrameIndex": 954,
  "FrameTimestamp": 6674054.170999999,
  "FrameTransferDuration": 17.7967
}