{
  "FrameComputationDuration": 46.15943299947685,
  "FrameDuration": 77.24447999894619,
  "FrameIndex": 965,
  "FrameTimestamp": 6677708.897999999,
  "FrameTransferDuration": 16.1011
}