{
  "FrameComputationDuration": 45.95073300139484,
  "FrameDuration": 77.46167299989611,
  "FrameIndex": 1295,
  "FrameTimestamp": 7530878.815,
  "FrameTransferDuration": 16.9314
}