{
  "FrameComputationDuration": 45.93719799936662,
  "FrameDuration": 77.21604399941862,
  "FrameIndex": 1280,
  "FrameTimestamp": 7529014.074,
  "FrameTransferDuration": 14.6112
}