{
  "FrameComputationDuration": 46.180392999252945,
  "FrameDuration": 77.35917799919844,
  "FrameIndex": 1292,
  "FrameTimestamp": 7530505.713999999,
  "FrameTransferDuration": 14.4867
}