{
  "FrameComputationDuration": 46.146282000154315,
  "FrameDuration": 77.86541099939495,
  "FrameIndex": 1284,
  "FrameTimestamp": 7529511.932999999,
  "FrameTransferDuration": 14.1897
}