{
  "FrameComputationDuration": 45.928556999708235,
  "FrameDuration": 78.8126290012151,
  "FrameIndex": 1296,
  "FrameTimestamp": 7531002.553,
  "FrameTransferDuration": 15.5195
}