{
  "FrameComputationDuration": 46.12906599826965,
  "FrameDuration": 78.16988699883223,
  "FrameIndex": 1279,
  "FrameTimestamp": 7528890.399999999,
  "FrameTransferDuration": 18.1875
}