{
  "FrameComputationDuration": 46.03703600141307,
  "FrameDuration": 77.30852299928665,
  "FrameIndex": 1286,
  "FrameTimestamp": 7529760.369,
  "FrameTransferDuration": 21.3295
}