{
  "FrameComputationDuration": 46.09162700018351,
  "FrameDuration": 77.62074299901724,
  "FrameIndex": 1285,
  "FrameTimestamp": 7529636.636999999,
  "FrameTransferDuration": 17.0396
}