{
  "FrameComputationDuration": 46.07597900075052,
  "FrameDuration": 78.93074000068009,
  "FrameIndex": 1289,
  "FrameTimestamp": 7530132.519,
  "FrameTransferDuration": 17.3255
}