{
  "FrameComputationDuration": 45.7517919999882,
  "FrameDuration": 77.71354100108147,
  "FrameIndex": 1297,
  "FrameTimestamp": 7531127.268,
  "FrameTransferDuration": 16.886
}