{
  "FrameComputationDuration": 46.106794999876,
  "FrameDuration": 78.37327600084245,
  "FrameIndex": 1290,
  "FrameTimestamp": 7530257.245,
  "FrameTransferDuration": 17.4283
}