{
  "FrameComputationDuration": 46.11025099950348,
  "FrameDuration": 77.0124320005998,
  "FrameIndex": 1287,
  "FrameTimestamp": 7529884.077999999,
  "FrameTransferDuration": 20.7812
}