{
  "FrameComputationDuration": 46.145449999727134,
  "FrameDuration": 78.41007500141859,
  "FrameIndex": 1283,
  "FrameTimestamp": 7529389.1959999995,
  "FrameTransferDuration": 16.9088
}