{
  "FrameComputationDuration": 46.09073199956765,
  "FrameDuration": 78.09382400009781,
  "FrameIndex": 1282,
  "FrameTimestamp": 7529263.4799999995,
  "FrameTransferDuration": 17.3345
}