{
  "FrameComputationDuration": 46.18836200056103,
  "FrameDuration": 78.30316499900073,
  "FrameIndex": 1291,
  "FrameTimestamp": 7530381.245,
  "FrameTransferDuration": 16.7611
}