{
  "FrameComputationDuration": 46.13309799957642,
  "FrameDuration": 77.1981560010463,
  "FrameIndex": 1293,
  "FrameTimestamp": 7530629.379,
  "FrameTransferDuration": 17.3012
}