{
  "FrameComputationDuration": 46.077355000590615,
  "FrameDuration": 77.33489099889994,
  "FrameIndex": 1281,
  "FrameTimestamp": 7529138.781,
  "FrameTransferDuration": 17.1988
}