{
  "FrameComputationDuration": 46.01786799850379,
  "FrameDuration": 78.05958400014788,
  "FrameIndex": 1294,
  "FrameTimestamp": 7530754.083,
  "FrameTransferDuration": 17.1883
}