{
  "FrameComputationDuration": 45.991372999451414,
  "FrameDuration": 77.37508299946785,
  "FrameIndex": 1288,
  "FrameTimestamp": 7530008.795999999,
  "FrameTransferDuration": 14.497
}