{
  "FrameComputationDuration": 56.10712300078012,
  "FrameDuration": 67.73505000025034,
  "FrameIndex": 1666,
  "FrameTimestamp": 15853062.301999997,
  "FrameTransferDuration": 14.3452
}