{
  "FrameComputationDuration": 55.872757999488385,
  "FrameDuration": 67.6934830006212,
  "FrameIndex": 1667,
  "FrameTimestamp": 15853892.417999998,
  "FrameTransferDuration": 17.3
}