{
  "FrameComputationDuration": 56.513004997745156,
  "FrameDuration": 67.1790269985795,
  "FrameIndex": 1661,
  "FrameTimestamp": 15848905.722999997,
  "FrameTransferDuration": 14.8615
}