{
  "FrameComputationDuration": 54.9488030015782,
  "FrameDuration": 70.79532500356436,
  "FrameIndex": 1670,
  "FrameTimestamp": 15856385.764999997,
  "FrameTransferDuration": 15.0854
}