{
  "FrameComputationDuration": 56.42238200016436,
  "FrameDuration": 68.44444799982011,
  "FrameIndex": 1664,
  "FrameTimestamp": 15851399.057,
  "FrameTransferDuration": 18.6666
}