{
  "FrameComputationDuration": 56.298703999986174,
  "FrameDuration": 68.00231000036001,
  "FrameIndex": 1665,
  "FrameTimestamp": 15852231.195,
  "FrameTransferDuration": 14.9803
}