{
  "FrameComputationDuration": 56.643594997760374,
  "FrameDuration": 67.08920399844646,
  "FrameIndex": 1660,
  "FrameTimestamp": 15848074.586999997,
  "FrameTransferDuration": 19.1302
}