{
  "FrameComputationDuration": 54.87120400017011,
  "FrameDuration": 70.11331900209188,
  "FrameIndex": 1671,
  "FrameTimestamp": 15857215.893,
  "FrameTransferDuration": 17.1306
}