{
  "FrameComputationDuration": 56.30244799985667,
  "FrameDuration": 67.66849100030959,
  "FrameIndex": 1662,
  "FrameTimestamp": 15849736.807999998,
  "FrameTransferDuration": 15.8913
}