{
  "FrameComputationDuration": 56.67863500339445,
  "FrameDuration": 69.58724699728191,
  "FrameIndex": 1663,
  "FrameTimestamp": 15850567.954,
  "FrameTransferDuration": 18.2458
}