{
  "FrameComputationDuration": 54.63802400129498,
  "FrameDuration": 67.43022099882364,
  "FrameIndex": 1672,
  "FrameTimestamp": 15858047.042999998,
  "FrameTransferDuration": 17.9715
}