{
  "FrameComputationDuration": 56.25979200008442,
  "FrameDuration": 67.74676099978387,
  "FrameIndex": 1668,
  "FrameTimestamp": 15854723.531999998,
  "FrameTransferDuration": 17.5002
}