{
  "FrameComputationDuration": 56.773608998424606,
  "FrameDuration": 67.58286099694669,
  "FrameIndex": 1659,
  "FrameTimestamp": 15847243.533,
  "FrameTransferDuration": 20.0805
}