{
  "FrameComputationDuration": 55.12697599988314,
  "FrameDuration": 68.51225499808788,
  "FrameIndex": 1669,
  "FrameTimestamp": 15855553.693,
  "FrameTransferDuration": 14.3002
}