{
  "FrameComputationDuration": 56.26715299813077,
  "FrameDuration": 67.3528609983623,
  "FrameIndex": 3436,
  "FrameTimestamp": 29802575.944000002,
  "FrameTransferDuration": 15.7542
}