{
  "FrameComputationDuration": 56.13883500313386,
  "FrameDuration": 67.86191000044346,
  "FrameIndex": 3424,
  "FrameTimestamp": 29800870.816999998,
  "FrameTransferDuration": 14.7124
}