{
  "FrameComputationDuration": 56.69956299988553,
  "FrameDuration": 67.81730299443007,
  "FrameIndex": 3434,
  "FrameTimestamp": 29802291.577999998,
  "FrameTransferDuration": 19.7052
}