{
  "FrameComputationDuration": 56.43617500102846,
  "FrameDuration": 67.55417099967599,
  "FrameIndex": 3414,
  "FrameTimestamp": 29799448.936,
  "FrameTransferDuration": 20.5676
}