{
  "FrameComputationDuration": 56.34583999897586,
  "FrameDuration": 67.79845499619842,
  "FrameIndex": 3419,
  "FrameTimestamp": 29800159.382999998,
  "FrameTransferDuration": 20.543
}