{
  "FrameComputationDuration": 56.421838999784086,
  "FrameDuration": 67.2154229991138,
  "FrameIndex": 3421,
  "FrameTimestamp": 29800443.687999997,
  "FrameTransferDuration": 18.6836
}