{
  "FrameComputationDuration": 56.159954998642206,
  "FrameDuration": 67.17062399536371,
  "FrameIndex": 3416,
  "FrameTimestamp": 29799732.312999997,
  "FrameTransferDuration": 16.6403
}