{
  "FrameComputationDuration": 56.30203300120775,
  "FrameDuration": 67.75202399864793,
  "FrameIndex": 3423,
  "FrameTimestamp": 29800728.061,
  "FrameTransferDuration": 17.9552
}