{
  "FrameComputationDuration": 56.19166699599009,
  "FrameDuration": 70.73060899600387,
  "FrameIndex": 3417,
  "FrameTimestamp": 29799875.083999995,
  "FrameTransferDuration": 17.2237
}