{
  "FrameComputationDuration": 56.61220500175841,
  "FrameDuration": 67.37215800210834,
  "FrameIndex": 3422,
  "FrameTimestamp": 29800586.447999995,
  "FrameTransferDuration": 22.7207
}