{
  "FrameComputationDuration": 56.66346699616406,
  "FrameDuration": 67.35538899526,
  "FrameIndex": 3432,
  "FrameTimestamp": 29802007.222,
  "FrameTransferDuration": 14.846
}