{
  "FrameComputationDuration": 56.839656992815435,
  "FrameDuration": 67.18947100266814,
  "FrameIndex": 3433,
  "FrameTimestamp": 29802148.848999996,
  "FrameTransferDuration": 15.3882
}