{
  "FrameComputationDuration": 56.24651399446884,
  "FrameDuration": 67.82091899961233,
  "FrameIndex": 3420,
  "FrameTimestamp": 29800302.080999997,
  "FrameTransferDuration": 17.7646
}