{
  "FrameComputationDuration": 56.26296100113541,
  "FrameDuration": 67.15692800283432,
  "FrameIndex": 3425,
  "FrameTimestamp": 29801012.418999996,
  "FrameTransferDuration": 16.0706
}