{
  "FrameComputationDuration": 56.53495799942175,
  "FrameDuration": 67.84917399659753,
  "FrameIndex": 3428,
  "FrameTimestamp": 29801438.518999998,
  "FrameTransferDuration": 14.4528
}