{
  "FrameComputationDuration": 56.45137499895645,
  "FrameDuration": 67.1607359983027,
  "FrameIndex": 3427,
  "FrameTimestamp": 29801295.764000002,
  "FrameTransferDuration": 17.9857
}