{
  "FrameComputationDuration": 57.20045299519552,
  "FrameDuration": 66.71789399906993,
  "FrameIndex": 3435,
  "FrameTimestamp": 29802433.207,
  "FrameTransferDuration": 19.2657
}