{
  "FrameComputationDuration": 56.45691099972464,
  "FrameDuration": 67.88674300536513,
  "FrameIndex": 3418,
  "FrameTimestamp": 29800017.664,
  "FrameTransferDuration": 20.8498
}