{
  "FrameComputationDuration": 58.08930500072893,
  "FrameDuration": 67.79509500414133,
  "FrameIndex": 3437,
  "FrameTimestamp": 29802717.613999996,
  "FrameTransferDuration": 16.1903
}