{
  "FrameComputationDuration": 56.35825600591488,
  "FrameDuration": 67.28812600672245,
  "FrameIndex": 3426,
  "FrameTimestamp": 29801154.087,
  "FrameTransferDuration": 18.6972
}