{
  "FrameComputationDuration": 56.25329799798783,
  "FrameDuration": 68.4039830006659,
  "FrameIndex": 3415,
  "FrameTimestamp": 29799590.635999996,
  "FrameTransferDuration": 19.0404
}