{
  "FrameComputationDuration": 56.288080993981566,
  "FrameDuration": 67.68303300440311,
  "FrameIndex": 3430,
  "FrameTimestamp": 29801722.895,
  "FrameTransferDuration": 19.0751
}