{
  "FrameComputationDuration": 56.36539200524567,
  "FrameDuration": 66.69107799977064,
  "FrameIndex": 3429,
  "FrameTimestamp": 29801580.137,
  "FrameTransferDuration": 15.151
}