{
  "FrameComputationDuration": 56.782601998071186,
  "FrameDuration": 66.9095070026815,
  "FrameIndex": 3431,
  "FrameTimestamp": 29801864.483,
  "FrameTransferDuration": 18.3905
}