{
  "FrameComputationDuration": 109.3950310026994,
  "FrameDuration": 569.2337269987911,
  "FrameIndex": 1408,
  "FrameTimestamp": 10909303.606999997,
  "FrameTransferDuration": 81.8138
}