{
  "FrameComputationDuration": 108.58099499784294,
  "FrameDuration": 568.7980859987438,
  "FrameIndex": 1405,
  "FrameTimestamp": 10907000.807,
  "FrameTransferDuration": 68.7017
}