{
  "FrameComputationDuration": 109.02892400228302,
  "FrameDuration": 570.2431840002537,
  "FrameIndex": 1411,
  "FrameTimestamp": 10911607.399,
  "FrameTransferDuration": 65.2035
}