{
  "FrameComputationDuration": 109.36213600073825,
  "FrameDuration": 573.5012779980898,
  "FrameIndex": 1409,
  "FrameTimestamp": 10910071.928,
  "FrameTransferDuration": 82.3341
}