{
  "FrameComputationDuration": 109.3789989965735,
  "FrameDuration": 568.4331000018865,
  "FrameIndex": 1406,
  "FrameTimestamp": 10907768.103999998,
  "FrameTransferDuration": 82.5434
}