{
  "FrameComputationDuration": 108.6296349974291,
  "FrameDuration": 567.6392239984125,
  "FrameIndex": 1410,
  "FrameTimestamp": 10910837.158999998,
  "FrameTransferDuration": 80.1163
}