{
  "FrameComputationDuration": 109.1835459995491,
  "FrameDuration": 568.545832997188,
  "FrameIndex": 1412,
  "FrameTimestamp": 10912380.634999998,
  "FrameTransferDuration": 65.0951
}