{
  "FrameComputationDuration": 108.5054770001152,
  "FrameDuration": 573.4990699999034,
  "FrameIndex": 1413,
  "FrameTimestamp": 10913142.967,
  "FrameTransferDuration": 64.6411
}