{
  "FrameComputationDuration": 109.44795900286408,
  "FrameDuration": 570.3920460008085,
  "FrameIndex": 1407,
  "FrameTimestamp": 10908535.377999999,
  "FrameTransferDuration": 82.8086
}