{
  "FrameComputationDuration": 56.468836999556515,
  "FrameDuration": 67.51507499441504,
  "FrameIndex": 2879,
  "FrameTimestamp": 28074412.367000002,
  "FrameTransferDuration": 19.7007
}