{
  "FrameComputationDuration": 56.445123999612406,
  "FrameDuration": 69.47757299244404,
  "FrameIndex": 2888,
  "FrameTimestamp": 28164208.123,
  "FrameTransferDuration": 16.5955
}