{
  "FrameComputationDuration": 56.721184999565594,
  "FrameDuration": 67.95823699608445,
  "FrameIndex": 2881,
  "FrameTimestamp": 28094367.193,
  "FrameTransferDuration": 16.5816
}