{
  "FrameComputationDuration": 56.32077300106175,
  "FrameDuration": 67.01373599842191,
  "FrameIndex": 2891,
  "FrameTimestamp": 28194139.366,
  "FrameTransferDuration": 19.9125
}