{
  "FrameComputationDuration": 56.81017500301823,
  "FrameDuration": 67.89401300251484,
  "FrameIndex": 2887,
  "FrameTimestamp": 28154231.702999998,
  "FrameTransferDuration": 20.0325
}