{
  "FrameComputationDuration": 56.57629099837504,
  "FrameDuration": 68.0787150003016,
  "FrameIndex": 2880,
  "FrameTimestamp": 28084389.752,
  "FrameTransferDuration": 15.6856
}