{
  "FrameComputationDuration": 56.49120499601122,
  "FrameDuration": 67.03853799775243,
  "FrameIndex": 2882,
  "FrameTimestamp": 28104343.580999997,
  "FrameTransferDuration": 20.214
}