{
  "FrameComputationDuration": 56.50659600511426,
  "FrameDuration": 68.12092100083828,
  "FrameIndex": 2885,
  "FrameTimestamp": 28134276.867000002,
  "FrameTransferDuration": 16.7105
}