{
  "FrameComputationDuration": 56.56828999874415,
  "FrameDuration": 67.34493199363351,
  "FrameIndex": 2889,
  "FrameTimestamp": 28174185.536000002,
  "FrameTransferDuration": 17.2748
}