{
  "FrameComputationDuration": 56.57702699751826,
  "FrameDuration": 67.97721299529076,
  "FrameIndex": 2878,
  "FrameTimestamp": 28064434.977999996,
  "FrameTransferDuration": 20.4411
}