{
  "FrameComputationDuration": 57.33199100528145,
  "FrameDuration": 67.13994299992919,
  "FrameIndex": 2890,
  "FrameTimestamp": 28184161.925,
  "FrameTransferDuration": 21.4569
}