{
  "FrameComputationDuration": 56.401957999158185,
  "FrameDuration": 67.19264700263739,
  "FrameIndex": 2883,
  "FrameTimestamp": 28114321.055999998,
  "FrameTransferDuration": 19.614
}