{
  "FrameComputationDuration": 56.735200001101475,
  "FrameDuration": 69.23309599608183,
  "FrameIndex": 2886,
  "FrameTimestamp": 28144253.253999997,
  "FrameTransferDuration": 20.5448
}