{
  "FrameComputationDuration": 56.44320500048343,
  "FrameDuration": 67.95865200459957,
  "FrameIndex": 2884,
  "FrameTimestamp": 28124299.418999996,
  "FrameTransferDuration": 15.7852
}