{
  "FrameComputationDuration": 56.1704919973854,
  "FrameDuration": 69.0655719935894,
  "FrameIndex": 3738,
  "FrameTimestamp": 30693656.921,
  "FrameTransferDuration": 15.6832
}