{
  "FrameComputationDuration": 57.29950099985581,
  "FrameDuration": 69.56825299933553,
  "FrameIndex": 3733,
  "FrameTimestamp": 30693071.273,
  "FrameTransferDuration": 23.0456
}