{
  "FrameComputationDuration": 56.21813999366714,
  "FrameDuration": 69.29190599545836,
  "FrameIndex": 3735,
  "FrameTimestamp": 30693305.709999997,
  "FrameTransferDuration": 16.7199
}