{
  "FrameComputationDuration": 55.95727999845985,
  "FrameDuration": 68.97527000308037,
  "FrameIndex": 3747,
  "FrameTimestamp": 30694709.584999997,
  "FrameTransferDuration": 16.8154
}