{
  "FrameComputationDuration": 58.09043299721088,
  "FrameDuration": 68.47140500321984,
  "FrameIndex": 3734,
  "FrameTimestamp": 30693188.021,
  "FrameTransferDuration": 17.8291
}