{
  "FrameComputationDuration": 62.69401599915,
  "FrameDuration": 69.99093499779701,
  "FrameIndex": 3754,
  "FrameTimestamp": 30695527.745999996,
  "FrameTransferDuration": 21.4656
}