{
  "FrameComputationDuration": 57.5761370062246,
  "FrameDuration": 68.97258199751377,
  "FrameIndex": 3742,
  "FrameTimestamp": 30694123.925999995,
  "FrameTransferDuration": 15.8826
}