{
  "FrameComputationDuration": 56.32645799708553,
  "FrameDuration": 68.81847200542688,
  "FrameIndex": 3743,
  "FrameTimestamp": 30694240.637,
  "FrameTransferDuration": 27.9295
}