{
  "FrameComputationDuration": 56.38623399683274,
  "FrameDuration": 72.84990299493074,
  "FrameIndex": 3744,
  "FrameTimestamp": 30694358.352,
  "FrameTransferDuration": 23.8847
}