{
  "FrameComputationDuration": 57.109838999807835,
  "FrameDuration": 69.18486700579524,
  "FrameIndex": 3760,
  "FrameTimestamp": 30696229.138,
  "FrameTransferDuration": 21.3644
}