{
  "FrameComputationDuration": 58.0074910033145,
  "FrameDuration": 69.24070599675179,
  "FrameIndex": 3746,
  "FrameTimestamp": 30694592.815,
  "FrameTransferDuration": 15.8588
}