{
  "FrameComputationDuration": 56.377945999091025,
  "FrameDuration": 68.98013400658965,
  "FrameIndex": 3739,
  "FrameTimestamp": 30693773.683000002,
  "FrameTransferDuration": 16.8879
}