{
  "FrameComputationDuration": 58.15625599690247,
  "FrameDuration": 68.79917600005865,
  "FrameIndex": 3745,
  "FrameTimestamp": 30694475.12,
  "FrameTransferDuration": 22.5461
}