{
  "FrameComputationDuration": 57.48545000120066,
  "FrameDuration": 70.40132899209857,
  "FrameIndex": 3756,
  "FrameTimestamp": 30695761.205999997,
  "FrameTransferDuration": 22.9355
}