{
  "FrameComputationDuration": 57.22586999711348,
  "FrameDuration": 72.08095300197601,
  "FrameIndex": 3755,
  "FrameTimestamp": 30695644.465,
  "FrameTransferDuration": 22.5113
}