{
  "FrameComputationDuration": 56.91537799988873,
  "FrameDuration": 69.29091300070286,
  "FrameIndex": 3737,
  "FrameTimestamp": 30693539.185,
  "FrameTransferDuration": 20.7628
}