{
  "FrameComputationDuration": 57.588712996512186,
  "FrameDuration": 69.19840299710631,
  "FrameIndex": 3751,
  "FrameTimestamp": 30695177.547999997,
  "FrameTransferDuration": 25.3168
}