{
  "FrameComputationDuration": 56.74859700340312,
  "FrameDuration": 72.07176900282502,
  "FrameIndex": 3741,
  "FrameTimestamp": 30694008.132999998,
  "FrameTransferDuration": 21.9636
}