{
  "FrameComputationDuration": 56.420184999587946,
  "FrameDuration": 68.05521900206804,
  "FrameIndex": 3732,
  "FrameTimestamp": 30692955.564,
  "FrameTransferDuration": 24.5147
}