{
  "FrameComputationDuration": 56.332890997466166,
  "FrameDuration": 68.96787800639868,
  "FrameIndex": 3736,
  "FrameTimestamp": 30693422.480999995,
  "FrameTransferDuration": 21.3698
}