{
  "FrameComputationDuration": 56.701173003122676,
  "FrameDuration": 69.18633900210261,
  "FrameIndex": 3748,
  "FrameTimestamp": 30694827.282999996,
  "FrameTransferDuration": 19.2908
}