{
  "FrameComputationDuration": 61.6148310014396,
  "FrameDuration": 69.3770559951663,
  "FrameIndex": 3753,
  "FrameTimestamp": 30695411.009,
  "FrameTransferDuration": 20.4932
}