{
  "FrameComputationDuration": 56.962993999244645,
  "FrameDuration": 71.17139800265431,
  "FrameIndex": 3752,
  "FrameTimestamp": 30695294.244,
  "FrameTransferDuration": 22.5353
}