{
  "FrameComputationDuration": 58.212255993450526,
  "FrameDuration": 69.92290400341153,
  "FrameIndex": 3750,
  "FrameTimestamp": 30695060.8,
  "FrameTransferDuration": 18.7046
}