{
  "FrameComputationDuration": 57.359116005303804,
  "FrameDuration": 70.19400499761105,
  "FrameIndex": 3759,
  "FrameTimestamp": 30696112.403,
  "FrameTransferDuration": 17.3703
}