{
  "FrameComputationDuration": 58.661977003735956,
  "FrameDuration": 72.65169700235128,
  "FrameIndex": 3757,
  "FrameTimestamp": 30695877.941999998,
  "FrameTransferDuration": 22.2643
}