{
  "FrameComputationDuration": 56.62031099945307,
  "FrameDuration": 75.2965229973197,
  "FrameIndex": 3749,
  "FrameTimestamp": 30694944.013,
  "FrameTransferDuration": 21.719
}