{
  "FrameComputationDuration": 56.38188200176228,
  "FrameDuration": 68.33691100031137,
  "FrameIndex": 3740,
  "FrameTimestamp": 30693890.388,
  "FrameTransferDuration": 19.5758
}