{
  "FrameComputationDuration": 58.43311599898152,
  "FrameDuration": 72.46158699691296,
  "FrameIndex": 3758,
  "FrameTimestamp": 30695994.705000002,
  "FrameTransferDuration": 16.7031
}