{
  "FrameComputationDuration": 56.60901999939233,
  "FrameDuration": 67.25823900476098,
  "FrameIndex": 3099,
  "FrameTimestamp": 29024036.933999997,
  "FrameTransferDuration": 18.4555
}