{
  "FrameComputationDuration": 57.10408399900189,
  "FrameDuration": 67.77007100358605,
  "FrameIndex": 3109,
  "FrameTimestamp": 29027358.437999997,
  "FrameTransferDuration": 16.2327
}