{
  "FrameComputationDuration": 56.98991000140086,
  "FrameDuration": 67.61330600455403,
  "FrameIndex": 3110,
  "FrameTimestamp": 29027690.674,
  "FrameTransferDuration": 19.1964
}