{
  "FrameComputationDuration": 56.1643539974466,
  "FrameDuration": 68.02097900211811,
  "FrameIndex": 3100,
  "FrameTimestamp": 29024369.204,
  "FrameTransferDuration": 14.616
}