{
  "FrameComputationDuration": 56.41049500287045,
  "FrameDuration": 67.18819199874997,
  "FrameIndex": 3104,
  "FrameTimestamp": 29025698.186,
  "FrameTransferDuration": 14.5088
}