{
  "FrameComputationDuration": 56.59471599920653,
  "FrameDuration": 67.21772699803114,
  "FrameIndex": 3102,
  "FrameTimestamp": 29025033.697999995,
  "FrameTransferDuration": 18.6445
}