{
  "FrameComputationDuration": 56.96693399659125,
  "FrameDuration": 67.80424600467086,
  "FrameIndex": 3108,
  "FrameTimestamp": 29027027.208,
  "FrameTransferDuration": 18.5067
}