{
  "FrameComputationDuration": 56.3883189955377,
  "FrameDuration": 67.22179100289941,
  "FrameIndex": 3097,
  "FrameTimestamp": 29023372.446,
  "FrameTransferDuration": 15.3528
}