{
  "FrameComputationDuration": 56.43548699852545,
  "FrameDuration": 67.32825300469995,
  "FrameIndex": 3103,
  "FrameTimestamp": 29025365.925999995,
  "FrameTransferDuration": 17.9264
}