{
  "FrameComputationDuration": 56.386143005860504,
  "FrameDuration": 67.47669899463654,
  "FrameIndex": 3101,
  "FrameTimestamp": 29024701.476,
  "FrameTransferDuration": 15.3182
}