{
  "FrameComputationDuration": 56.3179840046796,
  "FrameDuration": 67.24703900516033,
  "FrameIndex": 3098,
  "FrameTimestamp": 29023704.723,
  "FrameTransferDuration": 19.112
}