{
  "FrameComputationDuration": 56.37542399915401,
  "FrameDuration": 67.39394900202751,
  "FrameIndex": 3105,
  "FrameTimestamp": 29026030.444000002,
  "FrameTransferDuration": 18.5568
}