{
  "FrameComputationDuration": 56.75784900219878,
  "FrameDuration": 67.7886620014906,
  "FrameIndex": 3107,
  "FrameTimestamp": 29026694.937999997,
  "FrameTransferDuration": 22.1523
}