{
  "FrameComputationDuration": 57.448110994766466,
  "FrameDuration": 67.7881830073893,
  "FrameIndex": 3111,
  "FrameTimestamp": 29028022.918999996,
  "FrameTransferDuration": 19.1943
}