{
  "FrameComputationDuration": 56.74505000381032,
  "FrameDuration": 67.09772899746895,
  "FrameIndex": 3106,
  "FrameTimestamp": 29026362.683000002,
  "FrameTransferDuration": 22.7481
}