{
  "FrameComputationDuration": 56.39439900382422,
  "FrameDuration": 67.63660100102425,
  "FrameIndex": 3095,
  "FrameTimestamp": 29022707.984999996,
  "FrameTransferDuration": 18.0036
}