{
  "FrameComputationDuration": 56.2297620040481,
  "FrameDuration": 67.25506999716163,
  "FrameIndex": 3096,
  "FrameTimestamp": 29023040.216999996,
  "FrameTransferDuration": 15.0033
}