{
  "FrameComputationDuration": 56.19219400390284,
  "FrameDuration": 69.69823399558663,
  "FrameIndex": 3094,
  "FrameTimestamp": 29022377.738,
  "FrameTransferDuration": 20.5936
}