{
  "FrameComputationDuration": 56.49580800521653,
  "FrameDuration": 69.79201099649072,
  "FrameIndex": 3518,
  "FrameTimestamp": 29926687.021999996,
  "FrameTransferDuration": 19.6531
}