{
  "FrameComputationDuration": 56.251843997917604,
  "FrameDuration": 67.83728599920869,
  "FrameIndex": 3501,
  "FrameTimestamp": 29924270.444999997,
  "FrameTransferDuration": 18.7356
}