{
  "FrameComputationDuration": 56.64809399767546,
  "FrameDuration": 66.6916050054133,
  "FrameIndex": 3515,
  "FrameTimestamp": 29926259.925,
  "FrameTransferDuration": 18.1007
}