{
  "FrameComputationDuration": 56.34221000102116,
  "FrameDuration": 68.44047699868679,
  "FrameIndex": 3514,
  "FrameTimestamp": 29926119.333999995,
  "FrameTransferDuration": 19.2434
}