{
  "FrameComputationDuration": 57.179223002516665,
  "FrameDuration": 67.34065299481153,
  "FrameIndex": 3522,
  "FrameTimestamp": 29927255.653,
  "FrameTransferDuration": 19.8874
}