{
  "FrameComputationDuration": 56.495968006551266,
  "FrameDuration": 69.63435000181198,
  "FrameIndex": 3510,
  "FrameTimestamp": 29925550.613999996,
  "FrameTransferDuration": 22.6111
}