{
  "FrameComputationDuration": 56.62201400351478,
  "FrameDuration": 66.75109199434519,
  "FrameIndex": 3519,
  "FrameTimestamp": 29926828.631,
  "FrameTransferDuration": 19.8355
}