{
  "FrameComputationDuration": 56.143748994451016,
  "FrameDuration": 66.80760399997234,
  "FrameIndex": 3505,
  "FrameTimestamp": 29924839.152,
  "FrameTransferDuration": 18.7486
}