{
  "FrameComputationDuration": 56.21827599563403,
  "FrameDuration": 67.98451599478722,
  "FrameIndex": 3504,
  "FrameTimestamp": 29924697.481999997,
  "FrameTransferDuration": 17.8985
}