{
  "FrameComputationDuration": 56.232932003738824,
  "FrameDuration": 67.62954500317574,
  "FrameIndex": 3508,
  "FrameTimestamp": 29925266.16,
  "FrameTransferDuration": 18.0934
}