{
  "FrameComputationDuration": 56.30742699606344,
  "FrameDuration": 67.5741849988699,
  "FrameIndex": 3521,
  "FrameTimestamp": 29927113.994,
  "FrameTransferDuration": 16.3573
}