{
  "FrameComputationDuration": 56.38060999766458,
  "FrameDuration": 67.70007099956274,
  "FrameIndex": 3509,
  "FrameTimestamp": 29925407.874,
  "FrameTransferDuration": 18.8228
}