{
  "FrameComputationDuration": 57.38347599800909,
  "FrameDuration": 68.54239600524306,
  "FrameIndex": 3516,
  "FrameTimestamp": 29926403.667,
  "FrameTransferDuration": 15.4571
}