{
  "FrameComputationDuration": 56.2711390008335,
  "FrameDuration": 69.22120299562812,
  "FrameIndex": 3502,
  "FrameTimestamp": 29924414.190999996,
  "FrameTransferDuration": 22.6297
}