{
  "FrameComputationDuration": 56.158532999048475,
  "FrameDuration": 67.37825299799442,
  "FrameIndex": 3499,
  "FrameTimestamp": 29923987.076,
  "FrameTransferDuration": 21.9974
}