{
  "FrameComputationDuration": 56.27600300189806,
  "FrameDuration": 68.17286600545049,
  "FrameIndex": 3503,
  "FrameTimestamp": 29924554.803,
  "FrameTransferDuration": 21.9146
}