{
  "FrameComputationDuration": 56.284963000158314,
  "FrameDuration": 67.48906700313091,
  "FrameIndex": 3511,
  "FrameTimestamp": 29925692.242000002,
  "FrameTransferDuration": 21.4309
}