{
  "FrameComputationDuration": 56.554335002438165,
  "FrameDuration": 70.22199000418186,
  "FrameIndex": 3498,
  "FrameTimestamp": 29923845.370999996,
  "FrameTransferDuration": 23.8211
}