{
  "FrameComputationDuration": 56.268578999559395,
  "FrameDuration": 68.38092700019479,
  "FrameIndex": 3507,
  "FrameTimestamp": 29925123.495,
  "FrameTransferDuration": 21.7333
}