{
  "FrameComputationDuration": 56.31523400481092,
  "FrameDuration": 68.26230400428176,
  "FrameIndex": 3500,
  "FrameTimestamp": 29924129.783999998,
  "FrameTransferDuration": 18.0415
}