{
  "FrameComputationDuration": 56.55190399591811,
  "FrameDuration": 67.77472700178623,
  "FrameIndex": 3512,
  "FrameTimestamp": 29925833.892999996,
  "FrameTransferDuration": 17.2487
}