{
  "FrameComputationDuration": 56.033510002016556,
  "FrameDuration": 69.00328600034118,
  "FrameIndex": 3520,
  "FrameTimestamp": 29926971.377,
  "FrameTransferDuration": 15.907
}