{
  "FrameComputationDuration": 56.27357099688379,
  "FrameDuration": 67.79639000073075,
  "FrameIndex": 3506,
  "FrameTimestamp": 29924981.887,
  "FrameTransferDuration": 22.2722
}