{
  "FrameComputationDuration": 56.336579000984784,
  "FrameDuration": 67.1928790025413,
  "FrameIndex": 3513,
  "FrameTimestamp": 29925975.599999998,
  "FrameTransferDuration": 18.2457
}