{
  "FrameComputationDuration": 56.459936995699536,
  "FrameDuration": 67.0151529982686,
  "FrameIndex": 3517,
  "FrameTimestamp": 29926544.264000002,
  "FrameTransferDuration": 15.8167
}