{
  "FrameComputationDuration": 112.39491900004214,
  "FrameDuration": 568.3774400018156,
  "FrameIndex": 1460,
  "FrameTimestamp": 11238411.676999997,
  "FrameTransferDuration": 80.3294
}