{
  "FrameComputationDuration": 113.18946599963238,
  "FrameDuration": 567.3020640034229,
  "FrameIndex": 1458,
  "FrameTimestamp": 11237275.274999999,
  "FrameTransferDuration": 85.1085
}