{
  "FrameComputationDuration": 111.03983500332106,
  "FrameDuration": 568.1298600025475,
  "FrameIndex": 1456,
  "FrameTimestamp": 11236139.864,
  "FrameTransferDuration": 89.2781
}