{
  "FrameComputationDuration": 111.3260710008035,
  "FrameDuration": 566.7110009994358,
  "FrameIndex": 1457,
  "FrameTimestamp": 11236708.548,
  "FrameTransferDuration": 84.8375
}