{
  "FrameComputationDuration": 111.9864130015194,
  "FrameDuration": 569.045205000788,
  "FrameIndex": 1459,
  "FrameTimestamp": 11237842.987999998,
  "FrameTransferDuration": 99.375
}