{
  "FrameComputationDuration": 112.70569799639634,
  "FrameDuration": 569.2859379984438,
  "FrameIndex": 1455,
  "FrameTimestamp": 11235570.112999998,
  "FrameTransferDuration": 88.2432
}