{
  "FrameComputationDuration": 46.13924099991709,
  "FrameDuration": 79.98021199926734,
  "FrameIndex": 992,
  "FrameTimestamp": 6814303.779,
  "FrameTransferDuration": 20.8503
}