{
  "FrameComputationDuration": 46.015177998480794,
  "FrameDuration": 77.22070300020278,
  "FrameIndex": 1002,
  "FrameTimestamp": 6819289.448,
  "FrameTransferDuration": 17.2679
}