{
  "FrameComputationDuration": 46.23447099937039,
  "FrameDuration": 78.19560000114143,
  "FrameIndex": 996,
  "FrameTimestamp": 6816298.239999999,
  "FrameTransferDuration": 20.698
}