{
  "FrameComputationDuration": 46.101256999034376,
  "FrameDuration": 78.20769499987364,
  "FrameIndex": 998,
  "FrameTimestamp": 6817295.969,
  "FrameTransferDuration": 21.4912
}