{
  "FrameComputationDuration": 45.993002999304736,
  "FrameDuration": 77.5323139987886,
  "FrameIndex": 993,
  "FrameTimestamp": 6814802.607,
  "FrameTransferDuration": 17.5777
}