{
  "FrameComputationDuration": 46.01754699971207,
  "FrameDuration": 77.64552899915725,
  "FrameIndex": 994,
  "FrameTimestamp": 6815300.493,
  "FrameTransferDuration": 21.4711
}