{
  "FrameComputationDuration": 45.93236399890884,
  "FrameDuration": 77.2645109994337,
  "FrameIndex": 1001,
  "FrameTimestamp": 6818790.569999999,
  "FrameTransferDuration": 17.5548
}