{
  "FrameComputationDuration": 45.80987000035384,
  "FrameDuration": 77.99960299953818,
  "FrameIndex": 1000,
  "FrameTimestamp": 6818292.688,
  "FrameTransferDuration": 20.5059
}