{
  "FrameComputationDuration": 45.988234998971166,
  "FrameDuration": 77.83192599844187,
  "FrameIndex": 997,
  "FrameTimestamp": 6816797.118,
  "FrameTransferDuration": 18.6879
}