{
  "FrameComputationDuration": 45.71966400015663,
  "FrameDuration": 78.39639599993825,
  "FrameIndex": 999,
  "FrameTimestamp": 6817793.853999999,
  "FrameTransferDuration": 21.151
}