{
  "FrameComputationDuration": 46.37443699857249,
  "FrameDuration": 78.26299100089818,
  "FrameIndex": 995,
  "FrameTimestamp": 6815799.357,
  "FrameTransferDuration": 21.9539
}