{
  "FrameComputationDuration": 46.02765900038503,
  "FrameDuration": 77.2225910006091,
  "FrameIndex": 1003,
  "FrameTimestamp": 6819788.319999999,
  "FrameTransferDuration": 16.5998
}