{
  "FrameComputationDuration": 45.871467999393644,
  "FrameDuration": 78.04673599917442,
  "FrameIndex": 1097,
  "FrameTimestamp": 7103964.155,
  "FrameTransferDuration": 18.4954
}