{
  "FrameComputationDuration": 46.08372099976259,
  "FrameDuration": 77.70926899835467,
  "FrameIndex": 1102,
  "FrameTimestamp": 7128905.736999999,
  "FrameTransferDuration": 18.5637
}