{
  "FrameComputationDuration": 46.18211900028837,
  "FrameDuration": 78.09883200004697,
  "FrameIndex": 1099,
  "FrameTimestamp": 7113940.538,
  "FrameTransferDuration": 17.8621
}