{
  "FrameComputationDuration": 46.15479099973891,
  "FrameDuration": 77.56853600032628,
  "FrameIndex": 1101,
  "FrameTimestamp": 7123916.961,
  "FrameTransferDuration": 18.2492
}