{
  "FrameComputationDuration": 46.21485499971459,
  "FrameDuration": 77.91985800117254,
  "FrameIndex": 1095,
  "FrameTimestamp": 7093986.746,
  "FrameTransferDuration": 18.2201
}