{
  "FrameComputationDuration": 45.89994700131501,
  "FrameDuration": 78.21921399980783,
  "FrameIndex": 1100,
  "FrameTimestamp": 7118929.249999999,
  "FrameTransferDuration": 15.2927
}