{
  "FrameComputationDuration": 46.00788199957606,
  "FrameDuration": 77.47208900004625,
  "FrameIndex": 1098,
  "FrameTimestamp": 7108951.864999999,
  "FrameTransferDuration": 18.3702
}