{
  "FrameComputationDuration": 46.00272999963636,
  "FrameDuration": 77.58367199916393,
  "FrameIndex": 1096,
  "FrameTimestamp": 7098975.405,
  "FrameTransferDuration": 15.8733
}