{
  "FrameComputationDuration": 56.90104699903168,
  "FrameDuration": 67.27190199866891,
  "FrameIndex": 3128,
  "FrameTimestamp": 29108164.529999997,
  "FrameTransferDuration": 22.8916
}