{
  "FrameComputationDuration": 57.288593000441324,
  "FrameDuration": 68.10804999992251,
  "FrameIndex": 3132,
  "FrameTimestamp": 29109302.958999995,
  "FrameTransferDuration": 23.5133
}