{
  "FrameComputationDuration": 56.64658700028667,
  "FrameDuration": 70.75101900473237,
  "FrameIndex": 3129,
  "FrameTimestamp": 29108448.896999996,
  "FrameTransferDuration": 22.5913
}