{
  "FrameComputationDuration": 56.441982000425924,
  "FrameDuration": 67.6782009974122,
  "FrameIndex": 3120,
  "FrameTimestamp": 29105888.668,
  "FrameTransferDuration": 18.8451
}