{
  "FrameComputationDuration": 56.441022004175466,
  "FrameDuration": 67.08374500274658,
  "FrameIndex": 3125,
  "FrameTimestamp": 29107311.469999995,
  "FrameTransferDuration": 21.5498
}