{
  "FrameComputationDuration": 56.31689599948004,
  "FrameDuration": 67.09292799979448,
  "FrameIndex": 3117,
  "FrameTimestamp": 29105034.612,
  "FrameTransferDuration": 18.481
}