{
  "FrameComputationDuration": 56.42409499693895,
  "FrameDuration": 68.30375900119543,
  "FrameIndex": 3123,
  "FrameTimestamp": 29106742.786999997,
  "FrameTransferDuration": 17.8597
}