{
  "FrameComputationDuration": 56.52402799815172,
  "FrameDuration": 67.27980599924922,
  "FrameIndex": 3127,
  "FrameTimestamp": 29107880.183999997,
  "FrameTransferDuration": 18.6988
}