{
  "FrameComputationDuration": 57.17502800014336,
  "FrameDuration": 68.22622399777174,
  "FrameIndex": 3130,
  "FrameTimestamp": 29108734.227999996,
  "FrameTransferDuration": 18.6538
}