{
  "FrameComputationDuration": 56.3354549962678,
  "FrameDuration": 67.29097299650311,
  "FrameIndex": 3121,
  "FrameTimestamp": 29106173.047999997,
  "FrameTransferDuration": 18.1937
}