{
  "FrameComputationDuration": 56.498269003408495,
  "FrameDuration": 67.27615799754858,
  "FrameIndex": 3126,
  "FrameTimestamp": 29107595.815,
  "FrameTransferDuration": 17.8489
}