{
  "FrameComputationDuration": 56.15952200535685,
  "FrameDuration": 67.2586869969964,
  "FrameIndex": 3118,
  "FrameTimestamp": 29105318.958999995,
  "FrameTransferDuration": 14.6253
}