{
  "FrameComputationDuration": 56.32179200055543,
  "FrameDuration": 67.7112229987979,
  "FrameIndex": 3122,
  "FrameTimestamp": 29106457.393999998,
  "FrameTransferDuration": 17.6219
}