{
  "FrameComputationDuration": 56.25971300341189,
  "FrameDuration": 67.81570200249553,
  "FrameIndex": 3119,
  "FrameTimestamp": 29105603.326999996,
  "FrameTransferDuration": 15.468
}