{
  "FrameComputationDuration": 56.57689200033201,
  "FrameDuration": 68.82541500031948,
  "FrameIndex": 3124,
  "FrameTimestamp": 29107027.099999998,
  "FrameTransferDuration": 22.4696
}