{
  "FrameComputationDuration": 56.31087999971351,
  "FrameDuration": 67.39766000211239,
  "FrameIndex": 3116,
  "FrameTimestamp": 29104750.333999995,
  "FrameTransferDuration": 20.3869
}