{
  "FrameComputationDuration": 56.64482700318331,
  "FrameDuration": 68.35335800424218,
  "FrameIndex": 3131,
  "FrameTimestamp": 29109018.694000002,
  "FrameTransferDuration": 19.8502
}