{
  "FrameComputationDuration": 56.83762399893021,
  "FrameDuration": 68.20225600153208,
  "FrameIndex": 3133,
  "FrameTimestamp": 29109587.322999995,
  "FrameTransferDuration": 23.0388
}