{
  "FrameComputationDuration": 46.144876998288964,
  "FrameDuration": 78.94855499919504,
  "FrameIndex": 827,
  "FrameTimestamp": 6295438.152,
  "FrameTransferDuration": 17.6377
}