{
  "FrameComputationDuration": 48.16903800045111,
  "FrameDuration": 79.19079099874943,
  "FrameIndex": 831,
  "FrameTimestamp": 6296100.648999999,
  "FrameTransferDuration": 16.7901
}