{
  "FrameComputationDuration": 46.25044299988804,
  "FrameDuration": 79.16119199991226,
  "FrameIndex": 839,
  "FrameTimestamp": 6297425.64,
  "FrameTransferDuration": 14.2809
}