{
  "FrameComputationDuration": 46.37031400117121,
  "FrameDuration": 79.08253700099885,
  "FrameIndex": 838,
  "FrameTimestamp": 6297261.024999999,
  "FrameTransferDuration": 16.2693
}