{
  "FrameComputationDuration": 47.2774040008735,
  "FrameDuration": 77.51059400010854,
  "FrameIndex": 841,
  "FrameTimestamp": 6297757.892,
  "FrameTransferDuration": 17.018
}