{
  "FrameComputationDuration": 46.73552399985056,
  "FrameDuration": 79.09933700133115,
  "FrameIndex": 830,
  "FrameTimestamp": 6295935.0479999995,
  "FrameTransferDuration": 16.9881
}