{
  "FrameComputationDuration": 46.32868199963559,
  "FrameDuration": 81.88236599881202,
  "FrameIndex": 834,
  "FrameTimestamp": 6296597.528,
  "FrameTransferDuration": 19.1809
}