{
  "FrameComputationDuration": 45.840818000207946,
  "FrameDuration": 80.74363100063056,
  "FrameIndex": 840,
  "FrameTimestamp": 6297592.282999999,
  "FrameTransferDuration": 17.1252
}