{
  "FrameComputationDuration": 46.079886000319675,
  "FrameDuration": 89.59936399850994,
  "FrameIndex": 829,
  "FrameTimestamp": 6295768.4229999995,
  "FrameTransferDuration": 17.6489
}