{
  "FrameComputationDuration": 48.10746999995172,
  "FrameDuration": 80.05388199817389,
  "FrameIndex": 836,
  "FrameTimestamp": 6296930.8,
  "FrameTransferDuration": 17.6227
}