{
  "FrameComputationDuration": 46.28225099993142,
  "FrameDuration": 78.9810989992693,
  "FrameIndex": 832,
  "FrameTimestamp": 6296266.289,
  "FrameTransferDuration": 19.678
}