{
  "FrameComputationDuration": 46.12577300047997,
  "FrameDuration": 78.33579699881375,
  "FrameIndex": 835,
  "FrameTimestamp": 6296763.185,
  "FrameTransferDuration": 14.9358
}