{
  "FrameComputationDuration": 46.18842800161656,
  "FrameDuration": 78.14767100010067,
  "FrameIndex": 833,
  "FrameTimestamp": 6296430.8950000005,
  "FrameTransferDuration": 19.6058
}