{
  "FrameComputationDuration": 71.34390599987091,
  "FrameDuration": 91.08804499916732,
  "FrameIndex": 828,
  "FrameTimestamp": 6295603.787,
  "FrameTransferDuration": 17.3207
}