{
  "FrameComputationDuration": 46.067406999784,
  "FrameDuration": 78.88164499867707,
  "FrameIndex": 826,
  "FrameTimestamp": 6295271.609,
  "FrameTransferDuration": 18.3289
}