{
  "FrameComputationDuration": 46.04286299984233,
  "FrameDuration": 78.255062000826,
  "FrameIndex": 842,
  "FrameTimestamp": 6297924.531,
  "FrameTransferDuration": 16.8637
}