{
  "FrameComputationDuration": 46.61917400004313,
  "FrameDuration": 78.93748299963772,
  "FrameIndex": 837,
  "FrameTimestamp": 6297095.379,
  "FrameTransferDuration": 18.4483
}