{
  "FrameComputationDuration": 56.7661180003779,
  "FrameDuration": 70.7104189991951,
  "FrameIndex": 1988,
  "FrameTimestamp": 17151711.003999997,
  "FrameTransferDuration": 22.5684
}