{
  "FrameComputationDuration": 56.89984300354263,
  "FrameDuration": 70.33736900240183,
  "FrameIndex": 1994,
  "FrameTimestamp": 17152661.834999997,
  "FrameTransferDuration": 18.9586
}