{
  "FrameComputationDuration": 56.735654001211515,
  "FrameDuration": 68.37102999910712,
  "FrameIndex": 1995,
  "FrameTimestamp": 17152817.577,
  "FrameTransferDuration": 19.1696
}