{
  "FrameComputationDuration": 55.46165699628182,
  "FrameDuration": 66.88919699937105,
  "FrameIndex": 2005,
  "FrameTimestamp": 17154394.919,
  "FrameTransferDuration": 21.2413
}