{
  "FrameComputationDuration": 57.62799200043082,
  "FrameDuration": 67.66073700040579,
  "FrameIndex": 2001,
  "FrameTimestamp": 17153763.290999997,
  "FrameTransferDuration": 18.6873
}