{
  "FrameComputationDuration": 55.80318800336681,
  "FrameDuration": 69.76720099896193,
  "FrameIndex": 2003,
  "FrameTimestamp": 17154081.558,
  "FrameTransferDuration": 15.0501
}