{
  "FrameComputationDuration": 56.41757899688673,
  "FrameDuration": 70.22373800165951,
  "FrameIndex": 2004,
  "FrameTimestamp": 17154239.209,
  "FrameTransferDuration": 20.75
}