{
  "FrameComputationDuration": 53.779571000515716,
  "FrameDuration": 68.22204000130296,
  "FrameIndex": 2009,
  "FrameTimestamp": 17155027.472,
  "FrameTransferDuration": 17.1685
}