{
  "FrameComputationDuration": 56.87373200248112,
  "FrameDuration": 67.8650860004127,
  "FrameIndex": 1990,
  "FrameTimestamp": 17152027.281,
  "FrameTransferDuration": 18.373
}