{
  "FrameComputationDuration": 56.6630150009878,
  "FrameDuration": 67.73446400277317,
  "FrameIndex": 1997,
  "FrameTimestamp": 17153132.764,
  "FrameTransferDuration": 22.3449
}