{
  "FrameComputationDuration": 56.69482300244272,
  "FrameDuration": 67.20496799983084,
  "FrameIndex": 2000,
  "FrameTimestamp": 17153605.627,
  "FrameTransferDuration": 18.9231
}