{
  "FrameComputationDuration": 56.64275900015491,
  "FrameDuration": 70.43845400027931,
  "FrameIndex": 1998,
  "FrameTimestamp": 17153293.415,
  "FrameTransferDuration": 18.2252
}