{
  "FrameComputationDuration": 56.8678119990218,
  "FrameDuration": 67.7133440002799,
  "FrameIndex": 1996,
  "FrameTimestamp": 17152974.128999997,
  "FrameTransferDuration": 22.43
}