{
  "FrameComputationDuration": 56.52647399963462,
  "FrameDuration": 67.19485600106418,
  "FrameIndex": 1999,
  "FrameTimestamp": 17153448.060999997,
  "FrameTransferDuration": 15.4673
}