{
  "FrameComputationDuration": 54.105774002033286,
  "FrameDuration": 67.78051099926233,
  "FrameIndex": 2008,
  "FrameTimestamp": 17154868.847999997,
  "FrameTransferDuration": 20.7336
}