{
  "FrameComputationDuration": 55.90497800157755,
  "FrameDuration": 71.76643400080502,
  "FrameIndex": 2002,
  "FrameTimestamp": 17153925.915,
  "FrameTransferDuration": 14.7192
}