{
  "FrameComputationDuration": 56.771654003096046,
  "FrameDuration": 67.68227199837565,
  "FrameIndex": 1992,
  "FrameTimestamp": 17152343.520999998,
  "FrameTransferDuration": 22.2068
}