{
  "FrameComputationDuration": 55.20691000155057,
  "FrameDuration": 67.2484550010413,
  "FrameIndex": 2007,
  "FrameTimestamp": 17154711.161,
  "FrameTransferDuration": 17.4966
}