{
  "FrameComputationDuration": 56.79290099814534,
  "FrameDuration": 72.70616500079632,
  "FrameIndex": 1989,
  "FrameTimestamp": 17151872.588999998,
  "FrameTransferDuration": 22.3474
}