{
  "FrameComputationDuration": 56.93577900220407,
  "FrameDuration": 67.70265700109303,
  "FrameIndex": 1991,
  "FrameTimestamp": 17152184.878999997,
  "FrameTransferDuration": 19.1263
}