{
  "FrameComputationDuration": 55.23449199926108,
  "FrameDuration": 68.21842500008643,
  "FrameIndex": 2006,
  "FrameTimestamp": 17154554.523,
  "FrameTransferDuration": 16.9083
}