{
  "FrameComputationDuration": 56.6448079974507,
  "FrameDuration": 67.30298199877143,
  "FrameIndex": 1993,
  "FrameTimestamp": 17152501.172,
  "FrameTransferDuration": 22.3969
}