{
  "FrameComputationDuration": 56.825145002279896,
  "FrameDuration": 68.95642200112343,
  "FrameIndex": 3033,
  "FrameTimestamp": 28815234.558999997,
  "FrameTransferDuration": 14.471
}