{
  "FrameComputationDuration": 56.495710000162944,
  "FrameDuration": 67.77528699859977,
  "FrameIndex": 3023,
  "FrameTimestamp": 28810246.933000002,
  "FrameTransferDuration": 20.3631
}