{
  "FrameComputationDuration": 56.66678000125103,
  "FrameDuration": 67.5460749976337,
  "FrameIndex": 3034,
  "FrameTimestamp": 28815732.443,
  "FrameTransferDuration": 15.5635
}