{
  "FrameComputationDuration": 56.56486100080656,
  "FrameDuration": 68.24078500270844,
  "FrameIndex": 3027,
  "FrameTimestamp": 28812242.349999998,
  "FrameTransferDuration": 18.7539
}