{
  "FrameComputationDuration": 56.30777699890314,
  "FrameDuration": 68.25972900167108,
  "FrameIndex": 3031,
  "FrameTimestamp": 28814237.825,
  "FrameTransferDuration": 19.4446
}