{
  "FrameComputationDuration": 56.38672000402585,
  "FrameDuration": 68.15803399682045,
  "FrameIndex": 3030,
  "FrameTimestamp": 28813738.930999998,
  "FrameTransferDuration": 14.974
}