{
  "FrameComputationDuration": 56.28880100225797,
  "FrameDuration": 68.21355300024152,
  "FrameIndex": 3025,
  "FrameTimestamp": 28811244.582,
  "FrameTransferDuration": 14.7911
}