{
  "FrameComputationDuration": 57.26510700350627,
  "FrameDuration": 70.74788399785757,
  "FrameIndex": 3039,
  "FrameTimestamp": 28818225.778999995,
  "FrameTransferDuration": 19.1333
}