{
  "FrameComputationDuration": 57.08987699449062,
  "FrameDuration": 68.5625719986856,
  "FrameIndex": 3037,
  "FrameTimestamp": 28817229.091999996,
  "FrameTransferDuration": 15.4919
}