{
  "FrameComputationDuration": 56.44099099870073,
  "FrameDuration": 68.26030500233173,
  "FrameIndex": 3028,
  "FrameTimestamp": 28812741.209999997,
  "FrameTransferDuration": 18.0354
}