{
  "FrameComputationDuration": 56.62098799855448,
  "FrameDuration": 68.24331299588084,
  "FrameIndex": 3035,
  "FrameTimestamp": 28816231.333,
  "FrameTransferDuration": 19.3918
}