{
  "FrameComputationDuration": 56.6268760029925,
  "FrameDuration": 68.12568199634552,
  "FrameIndex": 3029,
  "FrameTimestamp": 28813240.06,
  "FrameTransferDuration": 14.7744
}