{
  "FrameComputationDuration": 57.21598799544154,
  "FrameDuration": 68.13957000151277,
  "FrameIndex": 3038,
  "FrameTimestamp": 28817726.929,
  "FrameTransferDuration": 15.8004
}