{
  "FrameComputationDuration": 56.17587499629008,
  "FrameDuration": 68.27761600539088,
  "FrameIndex": 3026,
  "FrameTimestamp": 28811743.488,
  "FrameTransferDuration": 15.3612
}