{
  "FrameComputationDuration": 56.321761005034205,
  "FrameDuration": 68.41284599527717,
  "FrameIndex": 3032,
  "FrameTimestamp": 28814736.668,
  "FrameTransferDuration": 17.8323
}