{
  "FrameComputationDuration": 57.07567000237759,
  "FrameDuration": 69.99691900610924,
  "FrameIndex": 3036,
  "FrameTimestamp": 28816730.185,
  "FrameTransferDuration": 19.1623
}