{
  "FrameComputationDuration": 56.28604900336359,
  "FrameDuration": 68.0450119972229,
  "FrameIndex": 3024,
  "FrameTimestamp": 28810745.727,
  "FrameTransferDuration": 18.5482
}