{
  "FrameComputationDuration": 63.129704998544184,
  "FrameDuration": 70.23385399952531,
  "FrameIndex": 2438,
  "FrameTimestamp": 18637108.88,
  "FrameTransferDuration": 18.3271
}