{
  "FrameComputationDuration": 57.28285000109463,
  "FrameDuration": 68.1759330034256,
  "FrameIndex": 2442,
  "FrameTimestamp": 18637469.101999998,
  "FrameTransferDuration": 17.8468
}