{
  "FrameComputationDuration": 59.21542799659073,
  "FrameDuration": 67.32804200053215,
  "FrameIndex": 2421,
  "FrameTimestamp": 18635574.378999997,
  "FrameTransferDuration": 21.6679
}