{
  "FrameComputationDuration": 62.91012400086038,
  "FrameDuration": 68.05913500487804,
  "FrameIndex": 2426,
  "FrameTimestamp": 18636026.347,
  "FrameTransferDuration": 20.6533
}