{
  "FrameComputationDuration": 74.84280899699661,
  "FrameDuration": 68.1637740060687,
  "FrameIndex": 2422,
  "FrameTimestamp": 18635665.139999997,
  "FrameTransferDuration": 21.1347
}