{
  "FrameComputationDuration": 58.87780199912959,
  "FrameDuration": 67.21687499433756,
  "FrameIndex": 2429,
  "FrameTimestamp": 18636296.737,
  "FrameTransferDuration": 20.718
}