{
  "FrameComputationDuration": 57.83186500114971,
  "FrameDuration": 67.64519000053406,
  "FrameIndex": 2436,
  "FrameTimestamp": 18636928.274,
  "FrameTransferDuration": 15.2573
}