{
  "FrameComputationDuration": 61.889915000705514,
  "FrameDuration": 70.36210799589753,
  "FrameIndex": 2414,
  "FrameTimestamp": 18634941.787,
  "FrameTransferDuration": 19.3588
}