{
  "FrameComputationDuration": 58.90935200059903,
  "FrameDuration": 67.54323900490999,
  "FrameIndex": 2434,
  "FrameTimestamp": 18636748.678999998,
  "FrameTransferDuration": 22.7973
}