{
  "FrameComputationDuration": 59.30563500133576,
  "FrameDuration": 69.11883100122213,
  "FrameIndex": 2418,
  "FrameTimestamp": 18635302.958,
  "FrameTransferDuration": 19.7098
}