{
  "FrameComputationDuration": 57.109188001806615,
  "FrameDuration": 67.62810200080276,
  "FrameIndex": 2437,
  "FrameTimestamp": 18637019.099,
  "FrameTransferDuration": 19.9936
}