{
  "FrameComputationDuration": 58.662636002962245,
  "FrameDuration": 67.27028299868107,
  "FrameIndex": 2432,
  "FrameTimestamp": 18636568.114,
  "FrameTransferDuration": 16.3591
}