{
  "FrameComputationDuration": 60.445393000001786,
  "FrameDuration": 70.09152100607753,
  "FrameIndex": 2433,
  "FrameTimestamp": 18636657.911,
  "FrameTransferDuration": 18.4196
}