{
  "FrameComputationDuration": 58.71844399938709,
  "FrameDuration": 67.22695499658585,
  "FrameIndex": 2435,
  "FrameTimestamp": 18636838.503999997,
  "FrameTransferDuration": 14.8646
}