{
  "FrameComputationDuration": 57.03587700347998,
  "FrameDuration": 67.2643950022757,
  "FrameIndex": 2413,
  "FrameTimestamp": 18634852.029,
  "FrameTransferDuration": 20.851
}