{
  "FrameComputationDuration": 63.98425199862686,
  "FrameDuration": 67.4218329936266,
  "FrameIndex": 2415,
  "FrameTimestamp": 18635031.586999997,
  "FrameTransferDuration": 15.1332
}