{
  "FrameComputationDuration": 59.29027499811491,
  "FrameDuration": 67.27044300362468,
  "FrameIndex": 2427,
  "FrameTimestamp": 18636116.149,
  "FrameTransferDuration": 33.165
}