{
  "FrameComputationDuration": 57.22653000152786,
  "FrameDuration": 67.88726500421762,
  "FrameIndex": 2439,
  "FrameTimestamp": 18637198.695,
  "FrameTransferDuration": 14.2182
}