{
  "FrameComputationDuration": 59.57027099878178,
  "FrameDuration": 68.20006099715829,
  "FrameIndex": 2425,
  "FrameTimestamp": 18635936.641999997,
  "FrameTransferDuration": 29.6702
}