{
  "FrameComputationDuration": 58.39828799999668,
  "FrameDuration": 68.16796599701047,
  "FrameIndex": 2416,
  "FrameTimestamp": 18635122.391999997,
  "FrameTransferDuration": 17.1507
}