{
  "FrameComputationDuration": 59.678141003561905,
  "FrameDuration": 67.69274100288749,
  "FrameIndex": 2430,
  "FrameTimestamp": 18636387.548,
  "FrameTransferDuration": 21.5432
}