{
  "FrameComputationDuration": 64.0798669985088,
  "FrameDuration": 78.00122499838471,
  "FrameIndex": 2440,
  "FrameTimestamp": 18637296.503,
  "FrameTransferDuration": 18.512
}