{
  "FrameComputationDuration": 58.95367200137116,
  "FrameDuration": 67.18474800512195,
  "FrameIndex": 2420,
  "FrameTimestamp": 18635483.549999997,
  "FrameTransferDuration": 17.939
}