{
  "FrameComputationDuration": 60.856715002591955,
  "FrameDuration": 69.54058399423957,
  "FrameIndex": 2417,
  "FrameTimestamp": 18635212.193,
  "FrameTransferDuration": 19.6527
}