{
  "FrameComputationDuration": 58.041909998311894,
  "FrameDuration": 67.87123399972916,
  "FrameIndex": 2424,
  "FrameTimestamp": 18635845.847999997,
  "FrameTransferDuration": 18.5546
}