{
  "FrameComputationDuration": 61.973690000973875,
  "FrameDuration": 68.3962180018425,
  "FrameIndex": 2428,
  "FrameTimestamp": 18636207.979,
  "FrameTransferDuration": 15.7863
}