{
  "FrameComputationDuration": 66.84238500177162,
  "FrameDuration": 67.69866000115871,
  "FrameIndex": 2423,
  "FrameTimestamp": 18635754.958,
  "FrameTransferDuration": 15.1554
}