{
  "FrameComputationDuration": 58.9377690012916,
  "FrameDuration": 67.91990599781275,
  "FrameIndex": 2419,
  "FrameTimestamp": 18635393.794,
  "FrameTransferDuration": 17.3483
}