{
  "FrameComputationDuration": 63.97948399867164,
  "FrameDuration": 67.50954299792647,
  "FrameIndex": 2431,
  "FrameTimestamp": 18636478.307,
  "FrameTransferDuration": 15.9246
}