{
  "FrameComputationDuration": 57.97378300165292,
  "FrameDuration": 68.34437899664044,
  "FrameIndex": 2441,
  "FrameTimestamp": 18637379.273,
  "FrameTransferDuration": 17.7111
}