{
  "FrameComputationDuration": 46.26285400038614,
  "FrameDuration": 77.19270100165159,
  "FrameIndex": 1142,
  "FrameTimestamp": 7313518.919999999,
  "FrameTransferDuration": 15.9248
}