{
  "FrameComputationDuration": 46.007112001905625,
  "FrameDuration": 78.69872799888253,
  "FrameIndex": 1151,
  "FrameTimestamp": 7314799.062,
  "FrameTransferDuration": 16.7905
}