{
  "FrameComputationDuration": 45.91815399906045,
  "FrameDuration": 77.74610100034624,
  "FrameIndex": 1136,
  "FrameTimestamp": 7312666.867,
  "FrameTransferDuration": 21.3649
}