{
  "FrameComputationDuration": 46.228326000367815,
  "FrameDuration": 78.22827000077814,
  "FrameIndex": 1139,
  "FrameTimestamp": 7313093.963,
  "FrameTransferDuration": 17.1431
}