{
  "FrameComputationDuration": 45.865449999786506,
  "FrameDuration": 79.1290889987722,
  "FrameIndex": 1152,
  "FrameTimestamp": 7314940.678,
  "FrameTransferDuration": 16.7534
}