{
  "FrameComputationDuration": 46.14259900016623,
  "FrameDuration": 77.79749200027436,
  "FrameIndex": 1140,
  "FrameTimestamp": 7313235.522999999,
  "FrameTransferDuration": 17.1782
}