{
  "FrameComputationDuration": 46.2960050008478,
  "FrameDuration": 79.69288999959826,
  "FrameIndex": 1135,
  "FrameTimestamp": 7312525.134999999,
  "FrameTransferDuration": 21.1119
}