{
  "FrameComputationDuration": 46.1583419999879,
  "FrameDuration": 78.30391800031066,
  "FrameIndex": 1146,
  "FrameTimestamp": 7314088.6790000005,
  "FrameTransferDuration": 17.881
}