{
  "FrameComputationDuration": 46.15907800166315,
  "FrameDuration": 78.55367400031537,
  "FrameIndex": 1149,
  "FrameTimestamp": 7314514.742,
  "FrameTransferDuration": 15.8123
}