{
  "FrameComputationDuration": 45.94682499948976,
  "FrameDuration": 77.67714200075716,
  "FrameIndex": 1150,
  "FrameTimestamp": 7314656.317999999,
  "FrameTransferDuration": 14.0372
}