{
  "FrameComputationDuration": 46.116199000658526,
  "FrameDuration": 79.16524900030345,
  "FrameIndex": 1147,
  "FrameTimestamp": 7314230.287,
  "FrameTransferDuration": 16.6114
}