{
  "FrameComputationDuration": 45.90650599834771,
  "FrameDuration": 77.34777000080794,
  "FrameIndex": 1148,
  "FrameTimestamp": 7314371.955999999,
  "FrameTransferDuration": 16.6818
}