{
  "FrameComputationDuration": 46.22429399961402,
  "FrameDuration": 78.26826999895275,
  "FrameIndex": 1143,
  "FrameTimestamp": 7313662.56,
  "FrameTransferDuration": 16.914
}