{
  "FrameComputationDuration": 46.18090200149891,
  "FrameDuration": 78.72586399968714,
  "FrameIndex": 1133,
  "FrameTimestamp": 7312241.756,
  "FrameTransferDuration": 18.759
}