{
  "FrameComputationDuration": 46.011305001004075,
  "FrameDuration": 77.79912499990314,
  "FrameIndex": 1138,
  "FrameTimestamp": 7312951.221,
  "FrameTransferDuration": 14.5265
}