{
  "FrameComputationDuration": 46.21568599910097,
  "FrameDuration": 77.23209199868143,
  "FrameIndex": 1144,
  "FrameTimestamp": 7313803.2299999995,
  "FrameTransferDuration": 17.4342
}