{
  "FrameComputationDuration": 46.02308100078517,
  "FrameDuration": 78.31390199996531,
  "FrameIndex": 1134,
  "FrameTimestamp": 7312383.501999999,
  "FrameTransferDuration": 15.9309
}