{
  "FrameComputationDuration": 46.14605499950267,
  "FrameDuration": 77.80178000032902,
  "FrameIndex": 1145,
  "FrameTimestamp": 7313945.999999999,
  "FrameTransferDuration": 16.7336
}