{
  "FrameComputationDuration": 46.044423999606806,
  "FrameDuration": 77.89425900019705,
  "FrameIndex": 1137,
  "FrameTimestamp": 7312809.555999999,
  "FrameTransferDuration": 16.4614
}