{
  "FrameComputationDuration": 45.94144999997661,
  "FrameDuration": 77.41717700101435,
  "FrameIndex": 1141,
  "FrameTimestamp": 7313377.285999999,
  "FrameTransferDuration": 16.6482
}