{
  "FrameComputationDuration": 58.866060999804176,
  "FrameDuration": 67.49748199805617,
  "FrameIndex": 2265,
  "FrameTimestamp": 18284763.382999998,
  "FrameTransferDuration": 20.1152
}