{
  "FrameComputationDuration": 67.76119100142387,
  "FrameDuration": 68.12265799939632,
  "FrameIndex": 2243,
  "FrameTimestamp": 18282510.498,
  "FrameTransferDuration": 16.093
}