{
  "FrameComputationDuration": 69.28916800252046,
  "FrameDuration": 69.6669219955802,
  "FrameIndex": 2241,
  "FrameTimestamp": 18282305.965,
  "FrameTransferDuration": 20.518
}