{
  "FrameComputationDuration": 68.36121299988008,
  "FrameDuration": 68.40726099908352,
  "FrameIndex": 2251,
  "FrameTimestamp": 18283330.648,
  "FrameTransferDuration": 15.65
}