{
  "FrameComputationDuration": 61.40170200125431,
  "FrameDuration": 67.67130399867892,
  "FrameIndex": 2229,
  "FrameTimestamp": 18281077.764,
  "FrameTransferDuration": 19.5898
}