{
  "FrameComputationDuration": 70.61074800012284,
  "FrameDuration": 68.00409799814224,
  "FrameIndex": 2264,
  "FrameTimestamp": 18284660.619999997,
  "FrameTransferDuration": 18.4946
}