{
  "FrameComputationDuration": 70.53839700203389,
  "FrameDuration": 70.05082099884748,
  "FrameIndex": 2249,
  "FrameTimestamp": 18283125.092,
  "FrameTransferDuration": 27.2579
}