{
  "FrameComputationDuration": 70.87176800408633,
  "FrameDuration": 68.59855399653316,
  "FrameIndex": 2247,
  "FrameTimestamp": 18282920.553999998,
  "FrameTransferDuration": 18.9224
}