{
  "FrameComputationDuration": 75.53249799986952,
  "FrameDuration": 68.034722995013,
  "FrameIndex": 2257,
  "FrameTimestamp": 18283945.242999997,
  "FrameTransferDuration": 17.5625
}