{
  "FrameComputationDuration": 55.7224270029692,
  "FrameDuration": 69.52974000200629,
  "FrameIndex": 2258,
  "FrameTimestamp": 18284047.996999998,
  "FrameTransferDuration": 15.1975
}