{
  "FrameComputationDuration": 60.25330299901543,
  "FrameDuration": 68.5515470020473,
  "FrameIndex": 2246,
  "FrameTimestamp": 18282818.766999997,
  "FrameTransferDuration": 16.0842
}