{
  "FrameComputationDuration": 62.673139000253286,
  "FrameDuration": 71.2831859998405,
  "FrameIndex": 2259,
  "FrameTimestamp": 18284149.799,
  "FrameTransferDuration": 15.145
}