{
  "FrameComputationDuration": 76.58598600025289,
  "FrameDuration": 71.21521900221705,
  "FrameIndex": 2267,
  "FrameTimestamp": 18284967.946999997,
  "FrameTransferDuration": 16.0593
}