{
  "FrameComputationDuration": 72.67954799978179,
  "FrameDuration": 69.09028999507427,
  "FrameIndex": 2245,
  "FrameTimestamp": 18282716.033,
  "FrameTransferDuration": 19.0696
}