{
  "FrameComputationDuration": 60.12472899991553,
  "FrameDuration": 67.6353360041976,
  "FrameIndex": 2253,
  "FrameTimestamp": 18283535.165,
  "FrameTransferDuration": 23.3085
}