{
  "FrameComputationDuration": 59.044041000597645,
  "FrameDuration": 68.71935299783945,
  "FrameIndex": 2248,
  "FrameTimestamp": 18283022.336999997,
  "FrameTransferDuration": 18.713
}