{
  "FrameComputationDuration": 68.46668400007184,
  "FrameDuration": 68.15292900428176,
  "FrameIndex": 2260,
  "FrameTimestamp": 18284251.575999998,
  "FrameTransferDuration": 18.0995
}