{
  "FrameComputationDuration": 76.2217350017163,
  "FrameDuration": 69.88723899796605,
  "FrameIndex": 2261,
  "FrameTimestamp": 18284354.36,
  "FrameTransferDuration": 17.7445
}