{
  "FrameComputationDuration": 74.43542700263788,
  "FrameDuration": 67.93811600282788,
  "FrameIndex": 2230,
  "FrameTimestamp": 18281179.531,
  "FrameTransferDuration": 18.1678
}