{
  "FrameComputationDuration": 61.440421999344835,
  "FrameDuration": 67.53610599786043,
  "FrameIndex": 2244,
  "FrameTimestamp": 18282613.395,
  "FrameTransferDuration": 20.1912
}