{
  "FrameComputationDuration": 60.044250999897486,
  "FrameDuration": 67.26097399741411,
  "FrameIndex": 2242,
  "FrameTimestamp": 18282407.695,
  "FrameTransferDuration": 16.0804
}