{
  "FrameComputationDuration": 58.16901400021743,
  "FrameDuration": 67.7657670006156,
  "FrameIndex": 2239,
  "FrameTimestamp": 18282101.417,
  "FrameTransferDuration": 55.8365
}