{
  "FrameComputationDuration": 58.58392000099411,
  "FrameDuration": 68.83314200490713,
  "FrameIndex": 2231,
  "FrameTimestamp": 18281283.25,
  "FrameTransferDuration": 16.4008
}