{
  "FrameComputationDuration": 61.577700002497295,
  "FrameDuration": 69.46122900396585,
  "FrameIndex": 2254,
  "FrameTimestamp": 18283636.97,
  "FrameTransferDuration": 17.0058
}