{
  "FrameComputationDuration": 59.02365800406551,
  "FrameDuration": 67.43194800242782,
  "FrameIndex": 2235,
  "FrameTimestamp": 18281691.301999997,
  "FrameTransferDuration": 17.2562
}