{
  "FrameComputationDuration": 73.78983599852654,
  "FrameDuration": 68.56991400197148,
  "FrameIndex": 2238,
  "FrameTimestamp": 18281999.656,
  "FrameTransferDuration": 15.599
}