{
  "FrameComputationDuration": 57.300899000198115,
  "FrameDuration": 68.43663700670004,
  "FrameIndex": 2262,
  "FrameTimestamp": 18284457.062999997,
  "FrameTransferDuration": 15.5693
}