{
  "FrameComputationDuration": 76.09162599951378,
  "FrameDuration": 69.55885900184512,
  "FrameIndex": 2252,
  "FrameTimestamp": 18283433.435999997,
  "FrameTransferDuration": 18.4241
}