{
  "FrameComputationDuration": 68.94005299906712,
  "FrameDuration": 70.15673899650574,
  "FrameIndex": 2266,
  "FrameTimestamp": 18284865.165999997,
  "FrameTransferDuration": 16.1981
}