{
  "FrameComputationDuration": 59.360196000896394,
  "FrameDuration": 70.47970999777317,
  "FrameIndex": 2240,
  "FrameTimestamp": 18282204.169,
  "FrameTransferDuration": 33.8448
}