{
  "FrameComputationDuration": 60.0206029980327,
  "FrameDuration": 67.61863200366497,
  "FrameIndex": 2237,
  "FrameTimestamp": 18281896.965,
  "FrameTransferDuration": 18.6733
}