{
  "FrameComputationDuration": 71.20069099974353,
  "FrameDuration": 68.20361600071192,
  "FrameIndex": 2232,
  "FrameTimestamp": 18281385.035,
  "FrameTransferDuration": 20.5619
}