{
  "FrameComputationDuration": 61.107433999102795,
  "FrameDuration": 68.09315399825573,
  "FrameIndex": 2255,
  "FrameTimestamp": 18283739.737,
  "FrameTransferDuration": 16.4866
}