{
  "FrameComputationDuration": 56.98957600365975,
  "FrameDuration": 76.70300800353289,
  "FrameIndex": 2228,
  "FrameTimestamp": 18280984.935,
  "FrameTransferDuration": 20.7001
}