{
  "FrameComputationDuration": 69.1568180026079,
  "FrameDuration": 67.96601900085807,
  "FrameIndex": 2236,
  "FrameTimestamp": 18281794.108,
  "FrameTransferDuration": 18.5621
}