{
  "FrameComputationDuration": 60.438612998084864,
  "FrameDuration": 67.46695499867201,
  "FrameIndex": 2233,
  "FrameTimestamp": 18281486.805,
  "FrameTransferDuration": 24.9444
}