{
  "FrameComputationDuration": 63.70355599815957,
  "FrameDuration": 68.40930900350213,
  "FrameIndex": 2263,
  "FrameTimestamp": 18284558.845,
  "FrameTransferDuration": 15.4053
}