{
  "FrameComputationDuration": 59.26247000042349,
  "FrameDuration": 68.1972480006516,
  "FrameIndex": 2250,
  "FrameTimestamp": 18283227.856,
  "FrameTransferDuration": 16.1654
}