{
  "FrameComputationDuration": 70.006596996187,
  "FrameDuration": 68.82584699615836,
  "FrameIndex": 2234,
  "FrameTimestamp": 18281589.573,
  "FrameTransferDuration": 15.6441
}