{
  "FrameComputationDuration": 67.25921399868093,
  "FrameDuration": 69.16136199980974,
  "FrameIndex": 2256,
  "FrameTimestamp": 18283842.489,
  "FrameTransferDuration": 18.0729
}