{
  "FrameComputationDuration": 109.58401500096079,
  "FrameDuration": 565.7825700007379,
  "FrameIndex": 1479,
  "FrameTimestamp": 11518966.669999998,
  "FrameTransferDuration": 74.9944
}