{
  "FrameComputationDuration": 109.75482399878092,
  "FrameDuration": 567.5806969981641,
  "FrameIndex": 1475,
  "FrameTimestamp": 11482688.809,
  "FrameTransferDuration": 77.366
}