{
  "FrameComputationDuration": 110.21357100296882,
  "FrameDuration": 562.945970999077,
  "FrameIndex": 1478,
  "FrameTimestamp": 11509896.23,
  "FrameTransferDuration": 76.2242
}