{
  "FrameComputationDuration": 110.05606800271198,
  "FrameDuration": 564.7842030003667,
  "FrameIndex": 1476,
  "FrameTimestamp": 11491757.261999998,
  "FrameTransferDuration": 65.5824
}