{
  "FrameComputationDuration": 108.85730399942258,
  "FrameDuration": 563.0210679993033,
  "FrameIndex": 1477,
  "FrameTimestamp": 11500825.726999998,
  "FrameTransferDuration": 77.08
}