{
  "FrameComputationDuration": 108.73705199963297,
  "FrameDuration": 562.9945550002158,
  "FrameIndex": 1480,
  "FrameTimestamp": 11528036.086999997,
  "FrameTransferDuration": 76.1107
}