{
  "FrameComputationDuration": 45.95895700019173,
  "FrameDuration": 79.90946400072426,
  "FrameIndex": 917,
  "FrameTimestamp": 6536795.861999999,
  "FrameTransferDuration": 20.6778
}