{
  "FrameComputationDuration": 46.17876200086175,
  "FrameDuration": 78.44020700082183,
  "FrameIndex": 910,
  "FrameTimestamp": 6535053.781999999,
  "FrameTransferDuration": 20.8512
}