{
  "FrameComputationDuration": 46.11898700005986,
  "FrameDuration": 77.77564099896699,
  "FrameIndex": 907,
  "FrameTimestamp": 6534305.501999999,
  "FrameTransferDuration": 16.2774
}