{
  "FrameComputationDuration": 46.01018800026941,
  "FrameDuration": 78.20574700087309,
  "FrameIndex": 916,
  "FrameTimestamp": 6536546.453999999,
  "FrameTransferDuration": 21.3454
}