{
  "FrameComputationDuration": 46.03089199940587,
  "FrameDuration": 78.32798500079662,
  "FrameIndex": 913,
  "FrameTimestamp": 6535800.141,
  "FrameTransferDuration": 21.097
}