{
  "FrameComputationDuration": 45.88967799967941,
  "FrameDuration": 77.82805599831045,
  "FrameIndex": 915,
  "FrameTimestamp": 6536296.998999999,
  "FrameTransferDuration": 17.6248
}