{
  "FrameComputationDuration": 46.05089199839131,
  "FrameDuration": 78.25899400003254,
  "FrameIndex": 908,
  "FrameTimestamp": 6534554.9180000005,
  "FrameTransferDuration": 21.3062
}