{
  "FrameComputationDuration": 45.7868650005621,
  "FrameDuration": 78.48455900046974,
  "FrameIndex": 918,
  "FrameTimestamp": 6537045.279,
  "FrameTransferDuration": 20.455
}