{
  "FrameComputationDuration": 46.20125800064852,
  "FrameDuration": 80.51617400161922,
  "FrameIndex": 911,
  "FrameTimestamp": 6535302.292,
  "FrameTransferDuration": 19.0583
}