{
  "FrameComputationDuration": 46.24061700062157,
  "FrameDuration": 78.24401800148189,
  "FrameIndex": 909,
  "FrameTimestamp": 6534804.386999999,
  "FrameTransferDuration": 21.3208
}