{
  "FrameComputationDuration": 46.17796199971781,
  "FrameDuration": 81.0992370005697,
  "FrameIndex": 906,
  "FrameTimestamp": 6534057.115999999,
  "FrameTransferDuration": 19.5203
}