{
  "FrameComputationDuration": 46.079916001348465,
  "FrameDuration": 77.78709699958563,
  "FrameIndex": 912,
  "FrameTimestamp": 6535550.667,
  "FrameTransferDuration": 21.2567
}