{
  "FrameComputationDuration": 46.00737200023286,
  "FrameDuration": 80.61345199868083,
  "FrameIndex": 914,
  "FrameTimestamp": 6536048.573,
  "FrameTransferDuration": 20.3102
}