{
  "FrameComputationDuration": 109.17532900138758,
  "FrameDuration": 567.003866000101,
  "FrameIndex": 1488,
  "FrameTimestamp": 11660721.825999998,
  "FrameTransferDuration": 65.455
}