{
  "FrameComputationDuration": 108.63770900006057,
  "FrameDuration": 565.81474599801,
  "FrameIndex": 1490,
  "FrameTimestamp": 11693979.544,
  "FrameTransferDuration": 66.8447
}