{
  "FrameComputationDuration": 108.95977800164837,
  "FrameDuration": 563.4205169994384,
  "FrameIndex": 1486,
  "FrameTimestamp": 11627464.103999998,
  "FrameTransferDuration": 77.3428
}