{
  "FrameComputationDuration": 108.39454099995783,
  "FrameDuration": 564.2847019992769,
  "FrameIndex": 1487,
  "FrameTimestamp": 11644093.491999999,
  "FrameTransferDuration": 76.8794
}