{
  "FrameComputationDuration": 109.37426700268406,
  "FrameDuration": 568.2175850011408,
  "FrameIndex": 1485,
  "FrameTimestamp": 11610839.75,
  "FrameTransferDuration": 77.7115
}