{
  "FrameComputationDuration": 109.06310899677919,
  "FrameDuration": 565.0140799991786,
  "FrameIndex": 1489,
  "FrameTimestamp": 11677350.175999999,
  "FrameTransferDuration": 65.0188
}