{
  "FrameComputationDuration": 112.48512399819447,
  "FrameDuration": 570.3381350040436,
  "FrameIndex": 1468,
  "FrameTimestamp": 11312486.037,
  "FrameTransferDuration": 98.0764
}