{
  "FrameComputationDuration": 111.59339499796624,
  "FrameDuration": 566.2610799986869,
  "FrameIndex": 1465,
  "FrameTimestamp": 11310780.890999999,
  "FrameTransferDuration": 98.5064
}