{
  "FrameComputationDuration": 111.44850099724135,
  "FrameDuration": 569.7058879993856,
  "FrameIndex": 1467,
  "FrameTimestamp": 11311915.322999999,
  "FrameTransferDuration": 95.6452
}