{
  "FrameComputationDuration": 111.72948900205665,
  "FrameDuration": 566.7974880021065,
  "FrameIndex": 1469,
  "FrameTimestamp": 11313055.737,
  "FrameTransferDuration": 97.4693
}