{
  "FrameComputationDuration": 114.06977099887445,
  "FrameDuration": 567.7931829988956,
  "FrameIndex": 1466,
  "FrameTimestamp": 11311347.614,
  "FrameTransferDuration": 103.174
}