{
  "FrameComputationDuration": 110.8237430009467,
  "FrameDuration": 572.2667759992182,
  "FrameIndex": 1470,
  "FrameTimestamp": 11313623.774999999,
  "FrameTransferDuration": 85.2948
}