{
  "FrameComputationDuration": 54.58562399854418,
  "FrameDuration": 67.67610899917781,
  "FrameIndex": 1595,
  "FrameTimestamp": 15309333.987,
  "FrameTransferDuration": 15.6245
}