{
  "FrameComputationDuration": 56.13603199966019,
  "FrameDuration": 68.7186219971627,
  "FrameIndex": 1582,
  "FrameTimestamp": 15244482.801999997,
  "FrameTransferDuration": 16.5455
}