{
  "FrameComputationDuration": 56.13180699964869,
  "FrameDuration": 67.43896099925041,
  "FrameIndex": 1584,
  "FrameTimestamp": 15254460.184999999,
  "FrameTransferDuration": 19.9967
}