{
  "FrameComputationDuration": 56.17651100279181,
  "FrameDuration": 67.27106000110507,
  "FrameIndex": 1580,
  "FrameTimestamp": 15234505.419,
  "FrameTransferDuration": 20.1403
}