{
  "FrameComputationDuration": 54.52632799919229,
  "FrameDuration": 67.56763099879026,
  "FrameIndex": 1597,
  "FrameTimestamp": 15319310.472999997,
  "FrameTransferDuration": 18.8287
}