{
  "FrameComputationDuration": 55.234572998975636,
  "FrameDuration": 67.05739900283515,
  "FrameIndex": 1592,
  "FrameTimestamp": 15294367.867999997,
  "FrameTransferDuration": 18.8171
}