{
  "FrameComputationDuration": 55.31959599806578,
  "FrameDuration": 67.2375249993056,
  "FrameIndex": 1588,
  "FrameTimestamp": 15274414.013999999,
  "FrameTransferDuration": 18.9413
}