{
  "FrameComputationDuration": 55.54874499994912,
  "FrameDuration": 67.23077199794352,
  "FrameIndex": 1587,
  "FrameTimestamp": 15269425.300999999,
  "FrameTransferDuration": 15.9492
}