{
  "FrameComputationDuration": 56.357436001475435,
  "FrameDuration": 67.59527899697423,
  "FrameIndex": 1583,
  "FrameTimestamp": 15249471.474999998,
  "FrameTransferDuration": 16.8292
}