{
  "FrameComputationDuration": 56.074497003428405,
  "FrameDuration": 67.15768600068986,
  "FrameIndex": 1581,
  "FrameTimestamp": 15239494.173999999,
  "FrameTransferDuration": 20.1516
}