{
  "FrameComputationDuration": 56.098527999187354,
  "FrameDuration": 67.59972700104117,
  "FrameIndex": 1586,
  "FrameTimestamp": 15264437.599,
  "FrameTransferDuration": 15.8831
}