{
  "FrameComputationDuration": 55.86368299924652,
  "FrameDuration": 67.46376000344753,
  "FrameIndex": 1585,
  "FrameTimestamp": 15259448.915999997,
  "FrameTransferDuration": 21.8647
}