{
  "FrameComputationDuration": 55.106159000482876,
  "FrameDuration": 67.21829199977219,
  "FrameIndex": 1591,
  "FrameTimestamp": 15289379.154999997,
  "FrameTransferDuration": 15.7346
}