{
  "FrameComputationDuration": 55.56023300156812,
  "FrameDuration": 67.31310699880123,
  "FrameIndex": 1589,
  "FrameTimestamp": 15279402.735,
  "FrameTransferDuration": 18.9738
}