{
  "FrameComputationDuration": 55.04750400298508,
  "FrameDuration": 67.53297499753535,
  "FrameIndex": 1590,
  "FrameTimestamp": 15284391.436999999,
  "FrameTransferDuration": 15.3949
}