{
  "FrameComputationDuration": 54.6393820013036,
  "FrameDuration": 67.3586429990828,
  "FrameIndex": 1596,
  "FrameTimestamp": 15314321.709999997,
  "FrameTransferDuration": 19.0607
}