{
  "FrameComputationDuration": 54.79573199720471,
  "FrameDuration": 67.1519889999181,
  "FrameIndex": 1593,
  "FrameTimestamp": 15299356.588999998,
  "FrameTransferDuration": 18.744
}