{
  "FrameComputationDuration": 54.653685997996945,
  "FrameDuration": 67.54875099658966,
  "FrameIndex": 1594,
  "FrameTimestamp": 15304345.259999998,
  "FrameTransferDuration": 15.1804
}