{
  "FrameComputationDuration": 60.516783000697615,
  "FrameDuration": 68.35659999772906,
  "FrameIndex": 2632,
  "FrameTimestamp": 19022382.882,
  "FrameTransferDuration": 31.6642
}