{
  "FrameComputationDuration": 64.66065600072034,
  "FrameDuration": 70.553367998451,
  "FrameIndex": 2638,
  "FrameTimestamp": 19022861.895,
  "FrameTransferDuration": 15.2133
}