{
  "FrameComputationDuration": 60.18837299698498,
  "FrameDuration": 67.91782300546765,
  "FrameIndex": 2650,
  "FrameTimestamp": 19023822.632,
  "FrameTransferDuration": 14.1965
}