{
  "FrameComputationDuration": 57.35903899691766,
  "FrameDuration": 67.31284000352025,
  "FrameIndex": 2646,
  "FrameTimestamp": 19023502.413999997,
  "FrameTransferDuration": 13.5163
}