{
  "FrameComputationDuration": 61.6797740017937,
  "FrameDuration": 69.72778099775314,
  "FrameIndex": 2626,
  "FrameTimestamp": 19021902.018,
  "FrameTransferDuration": 19.3955
}