{
  "FrameComputationDuration": 64.96999599944684,
  "FrameDuration": 67.91708800196648,
  "FrameIndex": 2623,
  "FrameTimestamp": 19021662.588,
  "FrameTransferDuration": 16.3472
}