{
  "FrameComputationDuration": 56.927045000571525,
  "FrameDuration": 67.75024199858308,
  "FrameIndex": 2616,
  "FrameTimestamp": 19021102.762,
  "FrameTransferDuration": 20.7414
}