{
  "FrameComputationDuration": 60.96221599835553,
  "FrameDuration": 67.15892299637198,
  "FrameIndex": 2617,
  "FrameTimestamp": 19021182.544999998,
  "FrameTransferDuration": 19.8118
}