{
  "FrameComputationDuration": 61.29123499922571,
  "FrameDuration": 68.65662800520658,
  "FrameIndex": 2630,
  "FrameTimestamp": 19022221.275,
  "FrameTransferDuration": 19.3711
}