{
  "FrameComputationDuration": 66.17010599639616,
  "FrameDuration": 68.82565000280738,
  "FrameIndex": 2622,
  "FrameTimestamp": 19021583.073999997,
  "FrameTransferDuration": 16.0903
}