{
  "FrameComputationDuration": 57.913655000622384,
  "FrameDuration": 69.38109699636698,
  "FrameIndex": 2648,
  "FrameTimestamp": 19023664.919999998,
  "FrameTransferDuration": 18.0746
}