{
  "FrameComputationDuration": 61.52883200161159,
  "FrameDuration": 69.06062299758196,
  "FrameIndex": 2627,
  "FrameTimestamp": 19021982.787,
  "FrameTransferDuration": 19.5112
}