{
  "FrameComputationDuration": 59.514110998628894,
  "FrameDuration": 69.52851900085807,
  "FrameIndex": 2651,
  "FrameTimestamp": 19023904.419999998,
  "FrameTransferDuration": 14.0105
}