{
  "FrameComputationDuration": 61.31990699964808,
  "FrameDuration": 68.14709999784827,
  "FrameIndex": 2634,
  "FrameTimestamp": 19022542.542,
  "FrameTransferDuration": 15.5429
}