{
  "FrameComputationDuration": 60.288946001033764,
  "FrameDuration": 72.25314999744296,
  "FrameIndex": 2619,
  "FrameTimestamp": 19021347.108,
  "FrameTransferDuration": 16.2368
}