{
  "FrameComputationDuration": 55.62469600193435,
  "FrameDuration": 67.68147499486804,
  "FrameIndex": 2647,
  "FrameTimestamp": 19023582.183,
  "FrameTransferDuration": 14.434
}