{
  "FrameComputationDuration": 60.95508100069128,
  "FrameDuration": 74.88232699781656,
  "FrameIndex": 2636,
  "FrameTimestamp": 19022708.13,
  "FrameTransferDuration": 23.2705
}