{
  "FrameComputationDuration": 59.11997300045914,
  "FrameDuration": 69.3488739989698,
  "FrameIndex": 2642,
  "FrameTimestamp": 19023183.648,
  "FrameTransferDuration": 14.5458
}