{
  "FrameComputationDuration": 61.36928200130933,
  "FrameDuration": 70.51477599516511,
  "FrameIndex": 2620,
  "FrameTimestamp": 19021425.145999998,
  "FrameTransferDuration": 19.1101
}