{
  "FrameComputationDuration": 61.46896100186859,
  "FrameDuration": 68.21932299435139,
  "FrameIndex": 2625,
  "FrameTimestamp": 19021822.235999998,
  "FrameTransferDuration": 23.7854
}