{
  "FrameComputationDuration": 63.410691000375664,
  "FrameDuration": 68.67403600364923,
  "FrameIndex": 2639,
  "FrameTimestamp": 19022943.658999998,
  "FrameTransferDuration": 15.8427
}