{
  "FrameComputationDuration": 57.75340099897585,
  "FrameDuration": 68.69707499817014,
  "FrameIndex": 2649,
  "FrameTimestamp": 19023743.752,
  "FrameTransferDuration": 17.4605
}