{
  "FrameComputationDuration": 61.91417000169167,
  "FrameDuration": 68.26703399419785,
  "FrameIndex": 2635,
  "FrameTimestamp": 19022622.334999997,
  "FrameTransferDuration": 19.5236
}