{
  "FrameComputationDuration": 64.42283600050723,
  "FrameDuration": 68.25497100129724,
  "FrameIndex": 2624,
  "FrameTimestamp": 19021742.387,
  "FrameTransferDuration": 24.1114
}