{
  "FrameComputationDuration": 60.00693500079797,
  "FrameDuration": 67.7031709998846,
  "FrameIndex": 2631,
  "FrameTimestamp": 19022302.055,
  "FrameTransferDuration": 19.9558
}