{
  "FrameComputationDuration": 61.13991000014357,
  "FrameDuration": 68.40789600461721,
  "FrameIndex": 2637,
  "FrameTimestamp": 19022782.04,
  "FrameTransferDuration": 20.607
}