{
  "FrameComputationDuration": 61.04845600135741,
  "FrameDuration": 68.71736399456859,
  "FrameIndex": 2640,
  "FrameTimestamp": 19023023.487,
  "FrameTransferDuration": 18.4661
}