{
  "FrameComputationDuration": 59.84348099914496,
  "FrameDuration": 68.14406000077724,
  "FrameIndex": 2645,
  "FrameTimestamp": 19023423.492999997,
  "FrameTransferDuration": 16.4398
}