{
  "FrameComputationDuration": 55.79419899865752,
  "FrameDuration": 68.27845799922943,
  "FrameIndex": 2643,
  "FrameTimestamp": 19023263.496999998,
  "FrameTransferDuration": 14.7515
}