{
  "FrameComputationDuration": 62.2133980000217,
  "FrameDuration": 71.02747199684381,
  "FrameIndex": 2621,
  "FrameTimestamp": 19021505.794999998,
  "FrameTransferDuration": 18.2246
}