{
  "FrameComputationDuration": 59.183556000643875,
  "FrameDuration": 68.60270899906754,
  "FrameIndex": 2633,
  "FrameTimestamp": 19022462.711999997,
  "FrameTransferDuration": 23.2695
}