{
  "FrameComputationDuration": 60.85808999903384,
  "FrameDuration": 67.3002969995141,
  "FrameIndex": 2629,
  "FrameTimestamp": 19022141.448999997,
  "FrameTransferDuration": 23.5887
}