{
  "FrameComputationDuration": 62.92033100291155,
  "FrameDuration": 69.31236300244927,
  "FrameIndex": 2644,
  "FrameTimestamp": 19023343.722999997,
  "FrameTransferDuration": 18.2609
}