{
  "FrameComputationDuration": 59.85026500388631,
  "FrameDuration": 72.4747469946742,
  "FrameIndex": 2628,
  "FrameTimestamp": 19022066.597999997,
  "FrameTransferDuration": 23.7546
}