{
  "FrameComputationDuration": 63.59417699993355,
  "FrameDuration": 67.4103760048747,
  "FrameIndex": 2618,
  "FrameTimestamp": 19021262.413,
  "FrameTransferDuration": 16.0215
}