{
  "FrameComputationDuration": 61.65231799945468,
  "FrameDuration": 67.90345599874854,
  "FrameIndex": 2641,
  "FrameTimestamp": 19023102.310999997,
  "FrameTransferDuration": 17.9978
}