{
  "FrameComputationDuration": 66.09752999996999,
  "FrameDuration": 67.21485799923539,
  "FrameIndex": 2680,
  "FrameTimestamp": 19175807.616,
  "FrameTransferDuration": 21.9941
}