{
  "FrameComputationDuration": 67.50592600394157,
  "FrameDuration": 68.22892199829221,
  "FrameIndex": 2678,
  "FrameTimestamp": 19175655.937999997,
  "FrameTransferDuration": 16.4342
}