{
  "FrameComputationDuration": 65.6153940014774,
  "FrameDuration": 67.18986700475216,
  "FrameIndex": 2683,
  "FrameTimestamp": 19176037.094,
  "FrameTransferDuration": 15.8163
}