{
  "FrameComputationDuration": 56.30788600057713,
  "FrameDuration": 68.87291299551725,
  "FrameIndex": 2688,
  "FrameTimestamp": 19176419.334,
  "FrameTransferDuration": 19.6432
}