{
  "FrameComputationDuration": 63.89375599846244,
  "FrameDuration": 70.76305999979377,
  "FrameIndex": 2672,
  "FrameTimestamp": 19175196.976,
  "FrameTransferDuration": 18.6426
}