{
  "FrameComputationDuration": 74.98206899891375,
  "FrameDuration": 69.58762199804187,
  "FrameIndex": 2666,
  "FrameTimestamp": 19174739.055999998,
  "FrameTransferDuration": 17.6794
}