{
  "FrameComputationDuration": 57.15996999893105,
  "FrameDuration": 68.57259700447321,
  "FrameIndex": 2656,
  "FrameTimestamp": 19173976.757999998,
  "FrameTransferDuration": 20.4558
}