{
  "FrameComputationDuration": 63.046697000652784,
  "FrameDuration": 68.13253999873996,
  "FrameIndex": 2677,
  "FrameTimestamp": 19175579.156,
  "FrameTransferDuration": 20.4709
}