{
  "FrameComputationDuration": 67.00020499792299,
  "FrameDuration": 68.17007499933243,
  "FrameIndex": 2681,
  "FrameTimestamp": 19175884.444,
  "FrameTransferDuration": 19.0928
}