{
  "FrameComputationDuration": 59.333568997477414,
  "FrameDuration": 70.68200500681996,
  "FrameIndex": 2671,
  "FrameTimestamp": 19175120.149,
  "FrameTransferDuration": 18.2804
}