{
  "FrameComputationDuration": 63.760509001876926,
  "FrameDuration": 68.15209199860692,
  "FrameIndex": 2668,
  "FrameTimestamp": 19174891.674,
  "FrameTransferDuration": 19.6345
}