{
  "FrameComputationDuration": 62.75450900083524,
  "FrameDuration": 68.06149999424815,
  "FrameIndex": 2660,
  "FrameTimestamp": 19174281.064999998,
  "FrameTransferDuration": 21.0003
}