{
  "FrameComputationDuration": 66.08306699982495,
  "FrameDuration": 68.47803800553083,
  "FrameIndex": 2664,
  "FrameTimestamp": 19174586.426,
  "FrameTransferDuration": 21.3829
}