{
  "FrameComputationDuration": 71.10657500047819,
  "FrameDuration": 67.46061400324106,
  "FrameIndex": 2669,
  "FrameTimestamp": 19174966.604,
  "FrameTransferDuration": 19.2242
}