{
  "FrameComputationDuration": 68.0354539983382,
  "FrameDuration": 67.10237899795175,
  "FrameIndex": 2682,
  "FrameTimestamp": 19175960.276,
  "FrameTransferDuration": 15.2914
}