{
  "FrameComputationDuration": 62.964842000219505,
  "FrameDuration": 67.3341200016439,
  "FrameIndex": 2659,
  "FrameTimestamp": 19174205.255999997,
  "FrameTransferDuration": 18.5611
}