{
  "FrameComputationDuration": 66.77195200326969,
  "FrameDuration": 67.63638700172305,
  "FrameIndex": 2679,
  "FrameTimestamp": 19175731.796,
  "FrameTransferDuration": 16.2144
}