{
  "FrameComputationDuration": 60.14635700231884,
  "FrameDuration": 68.62546000257134,
  "FrameIndex": 2689,
  "FrameTimestamp": 19176495.362999998,
  "FrameTransferDuration": 20.497
}