{
  "FrameComputationDuration": 61.183108998287935,
  "FrameDuration": 67.97993399947882,
  "FrameIndex": 2667,
  "FrameTimestamp": 19174814.849999998,
  "FrameTransferDuration": 16.2688
}