{
  "FrameComputationDuration": 63.714206002274295,
  "FrameDuration": 67.58493200317025,
  "FrameIndex": 2685,
  "FrameTimestamp": 19176188.744,
  "FrameTransferDuration": 16.868
}