{
  "FrameComputationDuration": 63.19798999815248,
  "FrameDuration": 66.975501999259,
  "FrameIndex": 2674,
  "FrameTimestamp": 19175348.662,
  "FrameTransferDuration": 14.5445
}