{
  "FrameComputationDuration": 76.62159499933477,
  "FrameDuration": 68.14530799537897,
  "FrameIndex": 2670,
  "FrameTimestamp": 19175043.367,
  "FrameTransferDuration": 32.0571
}