{
  "FrameComputationDuration": 63.02423300236114,
  "FrameDuration": 71.16065400093794,
  "FrameIndex": 2684,
  "FrameTimestamp": 19176113.926,
  "FrameTransferDuration": 37.0001
}