{
  "FrameComputationDuration": 68.34104900038801,
  "FrameDuration": 69.84342599660158,
  "FrameIndex": 2658,
  "FrameTimestamp": 19174130.812999997,
  "FrameTransferDuration": 14.9077
}