{
  "FrameComputationDuration": 56.866693996678805,
  "FrameDuration": 67.87615999951959,
  "FrameIndex": 2687,
  "FrameTimestamp": 19176342.424999997,
  "FrameTransferDuration": 15.1051
}