{
  "FrameComputationDuration": 67.02929200034123,
  "FrameDuration": 68.58347699791193,
  "FrameIndex": 2661,
  "FrameTimestamp": 19174357.930999998,
  "FrameTransferDuration": 21.8151
}