{
  "FrameComputationDuration": 77.16795499657746,
  "FrameDuration": 67.68489900231361,
  "FrameIndex": 2665,
  "FrameTimestamp": 19174662.211999997,
  "FrameTransferDuration": 19.3943
}