{
  "FrameComputationDuration": 63.40806699797395,
  "FrameDuration": 68.3418169952929,
  "FrameIndex": 2662,
  "FrameTimestamp": 19174433.757999998,
  "FrameTransferDuration": 15.8816
}