{
  "FrameComputationDuration": 67.51629300010973,
  "FrameDuration": 69.56800599396229,
  "FrameIndex": 2673,
  "FrameTimestamp": 19175272.946999997,
  "FrameTransferDuration": 48.0069
}