{
  "FrameComputationDuration": 60.65799699575291,
  "FrameDuration": 68.02118199691176,
  "FrameIndex": 2686,
  "FrameTimestamp": 19176265.569,
  "FrameTransferDuration": 14.1095
}