{
  "FrameComputationDuration": 66.41515799678746,
  "FrameDuration": 68.03916500136256,
  "FrameIndex": 2675,
  "FrameTimestamp": 19175425.461,
  "FrameTransferDuration": 16.5872
}