{
  "FrameComputationDuration": 64.63371200312395,
  "FrameDuration": 68.09234800562263,
  "FrameIndex": 2657,
  "FrameTimestamp": 19174052.555,
  "FrameTransferDuration": 19.5146
}