{
  "FrameComputationDuration": 65.69811299699359,
  "FrameDuration": 70.26079599931836,
  "FrameIndex": 2663,
  "FrameTimestamp": 19174509.562999997,
  "FrameTransferDuration": 16.7988
}