{
  "FrameComputationDuration": 67.81603299858398,
  "FrameDuration": 68.26162600144744,
  "FrameIndex": 2676,
  "FrameTimestamp": 19175503.426,
  "FrameTransferDuration": 22.7486
}