{
  "FrameComputationDuration": 46.180879000276036,
  "FrameDuration": 79.60813399963081,
  "FrameIndex": 766,
  "FrameTimestamp": 6116953.141,
  "FrameTransferDuration": 17.5884
}