{
  "FrameComputationDuration": 46.66407100045035,
  "FrameDuration": 83.08865499868989,
  "FrameIndex": 767,
  "FrameTimestamp": 6117122.785999999,
  "FrameTransferDuration": 16.7123
}