{
  "FrameComputationDuration": 46.30202899863798,
  "FrameDuration": 90.12025800067931,
  "FrameIndex": 762,
  "FrameTimestamp": 6116288.655,
  "FrameTransferDuration": 17.5299
}