{
  "FrameComputationDuration": 46.78851799909171,
  "FrameDuration": 80.82977900095284,
  "FrameIndex": 765,
  "FrameTimestamp": 6116787.485,
  "FrameTransferDuration": 17.2701
}