{
  "FrameComputationDuration": 46.74000699903263,
  "FrameDuration": 80.11366199981421,
  "FrameIndex": 769,
  "FrameTimestamp": 6117451.074,
  "FrameTransferDuration": 17.2477
}