{
  "FrameComputationDuration": 114.26493699957064,
  "FrameDuration": 482.5155109995976,
  "FrameIndex": 759,
  "FrameTimestamp": 6115863.912,
  "FrameTransferDuration": 20.5416
}