{
  "FrameComputationDuration": 45.78286999793636,
  "FrameDuration": 81.34506700094789,
  "FrameIndex": 768,
  "FrameTimestamp": 6117284.397999999,
  "FrameTransferDuration": 14.2632
}