{
  "FrameComputationDuration": 75.57622900109709,
  "FrameDuration": 93.38337500020862,
  "FrameIndex": 761,
  "FrameTimestamp": 6116124.398999999,
  "FrameTransferDuration": 17.2446
}