{
  "FrameComputationDuration": 46.55085799968947,
  "FrameDuration": 79.51853499934077,
  "FrameIndex": 763,
  "FrameTimestamp": 6116454.330999999,
  "FrameTransferDuration": 17.0022
}