{
  "FrameComputationDuration": 46.54618499974458,
  "FrameDuration": 82.85269099939615,
  "FrameIndex": 764,
  "FrameTimestamp": 6116620.914,
  "FrameTransferDuration": 14.4674
}