{
  "FrameComputationDuration": 117.23100200124463,
  "FrameDuration": 92.46044499892741,
  "FrameIndex": 760,
  "FrameTimestamp": 6115957.553,
  "FrameTransferDuration": 16.4068
}