{
  "FrameComputationDuration": 46.35828099917126,
  "FrameDuration": 78.21954000089318,
  "FrameIndex": 863,
  "FrameTimestamp": 6398152.677,
  "FrameTransferDuration": 16.9318
}