{
  "FrameComputationDuration": 45.8769439996322,
  "FrameDuration": 78.22805299982429,
  "FrameIndex": 867,
  "FrameTimestamp": 6398950.857,
  "FrameTransferDuration": 16.7235
}