{
  "FrameComputationDuration": 46.162060000111524,
  "FrameDuration": 78.2572040008381,
  "FrameIndex": 861,
  "FrameTimestamp": 6397753.5709999995,
  "FrameTransferDuration": 17.3142
}