{
  "FrameComputationDuration": 46.09290900086489,
  "FrameDuration": 77.15312499925494,
  "FrameIndex": 859,
  "FrameTimestamp": 6397354.46,
  "FrameTransferDuration": 18.827
}