{
  "FrameComputationDuration": 46.29111400059628,
  "FrameDuration": 77.48387199919671,
  "FrameIndex": 857,
  "FrameTimestamp": 6396956.365999999,
  "FrameTransferDuration": 19.3253
}