{
  "FrameComputationDuration": 45.74846599969169,
  "FrameDuration": 78.2815550006926,
  "FrameIndex": 868,
  "FrameTimestamp": 6399150.4180000005,
  "FrameTransferDuration": 14.3806
}