{
  "FrameComputationDuration": 45.85096000148769,
  "FrameDuration": 78.2637959998101,
  "FrameIndex": 869,
  "FrameTimestamp": 6399349.938,
  "FrameTransferDuration": 16.9103
}