{
  "FrameComputationDuration": 46.1973880013029,
  "FrameDuration": 77.37939400039613,
  "FrameIndex": 856,
  "FrameTimestamp": 6396757.837,
  "FrameTransferDuration": 16.4403
}