{
  "FrameComputationDuration": 46.327369000071485,
  "FrameDuration": 76.99828000180423,
  "FrameIndex": 858,
  "FrameTimestamp": 6397154.947,
  "FrameTransferDuration": 19.0109
}