{
  "FrameComputationDuration": 46.38339999989694,
  "FrameDuration": 77.31299499981105,
  "FrameIndex": 860,
  "FrameTimestamp": 6397554.028,
  "FrameTransferDuration": 16.3851
}