{
  "FrameComputationDuration": 46.119307999259036,
  "FrameDuration": 78.22690100036561,
  "FrameIndex": 866,
  "FrameTimestamp": 6398751.3270000005,
  "FrameTransferDuration": 17.1739
}