{
  "FrameComputationDuration": 45.82721699990361,
  "FrameDuration": 78.26008399948478,
  "FrameIndex": 870,
  "FrameTimestamp": 6399549.533999999,
  "FrameTransferDuration": 16.7629
}