{
  "FrameComputationDuration": 46.07361300090997,
  "FrameDuration": 78.26741200033575,
  "FrameIndex": 862,
  "FrameTimestamp": 6397953.125999999,
  "FrameTransferDuration": 16.7058
}