{
  "FrameComputationDuration": 45.879087999994226,
  "FrameDuration": 78.20725300069898,
  "FrameIndex": 865,
  "FrameTimestamp": 6398551.770999999,
  "FrameTransferDuration": 17.2281
}