{
  "FrameComputationDuration": 45.84231999945041,
  "FrameDuration": 79.37833800073713,
  "FrameIndex": 855,
  "FrameTimestamp": 6396559.335,
  "FrameTransferDuration": 18.7532
}