{
  "FrameComputationDuration": 46.123244001071726,
  "FrameDuration": 77.71954899933189,
  "FrameIndex": 864,
  "FrameTimestamp": 6398352.231,
  "FrameTransferDuration": 14.7322
}