{
  "FrameComputationDuration": 46.04689299976599,
  "FrameDuration": 77.25273800175637,
  "FrameIndex": 899,
  "FrameTimestamp": 6475270.13,
  "FrameTransferDuration": 17.0729
}