{
  "FrameComputationDuration": 45.977613999733876,
  "FrameDuration": 80.64260499831289,
  "FrameIndex": 886,
  "FrameTimestamp": 6472678.965999999,
  "FrameTransferDuration": 17.2402
}