{
  "FrameComputationDuration": 45.92727899962483,
  "FrameDuration": 78.17397200036794,
  "FrameIndex": 894,
  "FrameTimestamp": 6474273.376999999,
  "FrameTransferDuration": 20.9107
}