{
  "FrameComputationDuration": 46.28967300091608,
  "FrameDuration": 78.62279700022191,
  "FrameIndex": 888,
  "FrameTimestamp": 6473077.088999999,
  "FrameTransferDuration": 16.9582
}