{
  "FrameComputationDuration": 46.190411001654866,
  "FrameDuration": 78.0265180002898,
  "FrameIndex": 887,
  "FrameTimestamp": 6472877.566000001,
  "FrameTransferDuration": 17.1784
}