{
  "FrameComputationDuration": 46.06247700032691,
  "FrameDuration": 80.26513900049031,
  "FrameIndex": 884,
  "FrameTimestamp": 6472279.932999999,
  "FrameTransferDuration": 18.0333
}