{
  "FrameComputationDuration": 46.18020200011233,
  "FrameDuration": 77.23017900064588,
  "FrameIndex": 895,
  "FrameTimestamp": 6474471.962,
  "FrameTransferDuration": 21.0986
}