{
  "FrameComputationDuration": 46.187210000171035,
  "FrameDuration": 77.22461099922657,
  "FrameIndex": 893,
  "FrameTimestamp": 6474072.848,
  "FrameTransferDuration": 17.9641
}