{
  "FrameComputationDuration": 46.08039599996846,
  "FrameDuration": 79.22576300054789,
  "FrameIndex": 891,
  "FrameTimestamp": 6473673.742,
  "FrameTransferDuration": 16.9007
}