{
  "FrameComputationDuration": 46.0707000003822,
  "FrameDuration": 77.2475859997794,
  "FrameIndex": 897,
  "FrameTimestamp": 6474871.06,
  "FrameTransferDuration": 14.2552
}