{
  "FrameComputationDuration": 46.49757399968075,
  "FrameDuration": 77.23507500067353,
  "FrameIndex": 898,
  "FrameTimestamp": 6475070.579999999,
  "FrameTransferDuration": 16.806
}