{
  "FrameComputationDuration": 46.35143200001767,
  "FrameDuration": 77.8133379984647,
  "FrameIndex": 885,
  "FrameTimestamp": 6472479.452999999,
  "FrameTransferDuration": 14.6401
}