{
  "FrameComputationDuration": 46.109514998875966,
  "FrameDuration": 77.70229900069535,
  "FrameIndex": 890,
  "FrameTimestamp": 6473475.178,
  "FrameTransferDuration": 21.2768
}