{
  "FrameComputationDuration": 46.016557000279136,
  "FrameDuration": 77.23417899943888,
  "FrameIndex": 896,
  "FrameTimestamp": 6474671.499999999,
  "FrameTransferDuration": 16.1819
}