{
  "FrameComputationDuration": 46.201833998151415,
  "FrameDuration": 77.2187550002709,
  "FrameIndex": 892,
  "FrameTimestamp": 6473873.261999999,
  "FrameTransferDuration": 17.2038
}