{
  "FrameComputationDuration": 46.289064999749826,
  "FrameDuration": 77.64537300076336,
  "FrameIndex": 889,
  "FrameTimestamp": 6473275.645999999,
  "FrameTransferDuration": 16.9549
}