{
  "FrameComputationDuration": 46.04678299972875,
  "FrameDuration": 80.10321300011128,
  "FrameIndex": 1320,
  "FrameTimestamp": 7669143.918999999,
  "FrameTransferDuration": 14.5284
}