{
  "FrameComputationDuration": 46.16927699888038,
  "FrameDuration": 79.98404600005597,
  "FrameIndex": 1321,
  "FrameTimestamp": 7669254.689,
  "FrameTransferDuration": 17.704
}