{
  "FrameComputationDuration": 46.07942199953686,
  "FrameDuration": 80.27469899877906,
  "FrameIndex": 1317,
  "FrameTimestamp": 7668811.686,
  "FrameTransferDuration": 17.8832
}