{
  "FrameComputationDuration": 112.11890500070149,
  "FrameDuration": 483.7577920006588,
  "FrameIndex": 1307,
  "FrameTimestamp": 7667724.424,
  "FrameTransferDuration": 21.4793
}