{
  "FrameComputationDuration": 45.9429120000641,
  "FrameDuration": 82.93283599894494,
  "FrameIndex": 1312,
  "FrameTimestamp": 7668257.914,
  "FrameTransferDuration": 15.4597
}