{
  "FrameComputationDuration": 46.1117739997062,
  "FrameDuration": 80.11620500124991,
  "FrameIndex": 1313,
  "FrameTimestamp": 7668368.7069999995,
  "FrameTransferDuration": 18.0876
}