{
  "FrameComputationDuration": 52.98767399982171,
  "FrameDuration": 80.43680800125003,
  "FrameIndex": 1311,
  "FrameTimestamp": 7668148.129,
  "FrameTransferDuration": 18.6303
}