{
  "FrameComputationDuration": 46.08665500042116,
  "FrameDuration": 80.19837900064886,
  "FrameIndex": 1319,
  "FrameTimestamp": 7669033.193999999,
  "FrameTransferDuration": 17.1682
}