{
  "FrameComputationDuration": 46.150205000412825,
  "FrameDuration": 80.2885539997369,
  "FrameIndex": 1316,
  "FrameTimestamp": 7668700.924,
  "FrameTransferDuration": 15.4174
}