{
  "FrameComputationDuration": 51.627468999628036,
  "FrameDuration": 95.38622099906206,
  "FrameIndex": 1309,
  "FrameTimestamp": 7667927.7639999995,
  "FrameTransferDuration": 20.505
}