{
  "FrameComputationDuration": 46.110366000059,
  "FrameDuration": 80.2474990002811,
  "FrameIndex": 1318,
  "FrameTimestamp": 7668922.4520000005,
  "FrameTransferDuration": 17.9151
}