{
  "FrameComputationDuration": 46.78958800149121,
  "FrameDuration": 80.09857300017029,
  "FrameIndex": 1314,
  "FrameTimestamp": 7668479.432999999,
  "FrameTransferDuration": 18.2153
}