{
  "FrameComputationDuration": 79.9232160010506,
  "FrameDuration": 94.34754899982363,
  "FrameIndex": 1308,
  "FrameTimestamp": 7667817.987999999,
  "FrameTransferDuration": 14.915
}