{
  "FrameComputationDuration": 46.333689999322814,
  "FrameDuration": 97.01119000092149,
  "FrameIndex": 1310,
  "FrameTimestamp": 7668042.441000001,
  "FrameTransferDuration": 18.9685
}