{
  "FrameComputationDuration": 46.30869900059042,
  "FrameDuration": 80.30356200039387,
  "FrameIndex": 1315,
  "FrameTimestamp": 7668590.1680000005,
  "FrameTransferDuration": 17.612
}