{
  "FrameComputationDuration": 108.62358600151492,
  "FrameDuration": 569.1132440008223,
  "FrameIndex": 1419,
  "FrameTimestamp": 11023530.048999999,
  "FrameTransferDuration": 98.2129
}