{
  "FrameComputationDuration": 108.52057899985812,
  "FrameDuration": 567.6835380010307,
  "FrameIndex": 1423,
  "FrameTimestamp": 11026187.018,
  "FrameTransferDuration": 88.2056
}