{
  "FrameComputationDuration": 110.1664740012784,
  "FrameDuration": 575.2637099977583,
  "FrameIndex": 1420,
  "FrameTimestamp": 11024198.491999999,
  "FrameTransferDuration": 102.3905
}