{
  "FrameComputationDuration": 108.4272689979698,
  "FrameDuration": 565.0867139995098,
  "FrameIndex": 1422,
  "FrameTimestamp": 11025521.505999997,
  "FrameTransferDuration": 98.6669
}