{
  "FrameComputationDuration": 108.21338400282548,
  "FrameDuration": 565.3905159998685,
  "FrameIndex": 1425,
  "FrameTimestamp": 11027515.011999998,
  "FrameTransferDuration": 84.7931
}