{
  "FrameComputationDuration": 108.58777900310815,
  "FrameDuration": 563.7616130001843,
  "FrameIndex": 1424,
  "FrameTimestamp": 11026850.531999998,
  "FrameTransferDuration": 78.0263
}