{
  "FrameComputationDuration": 108.50409999646945,
  "FrameDuration": 566.5383069999516,
  "FrameIndex": 1421,
  "FrameTimestamp": 11024858.145999998,
  "FrameTransferDuration": 80.0448
}