{
  "FrameComputationDuration": 46.162131000681256,
  "FrameDuration": 77.61569099966437,
  "FrameIndex": 728,
  "FrameTimestamp": 5973294.334,
  "FrameTransferDuration": 17.3486
}