{
  "FrameComputationDuration": 46.08789200059982,
  "FrameDuration": 78.67516200058162,
  "FrameIndex": 748,
  "FrameTimestamp": 5976615.791,
  "FrameTransferDuration": 13.5631
}