{
  "FrameComputationDuration": 46.00062900150806,
  "FrameDuration": 78.19833699986339,
  "FrameIndex": 746,
  "FrameTimestamp": 5976278.566000001,
  "FrameTransferDuration": 17.4538
}