{
  "FrameComputationDuration": 47.37513599869999,
  "FrameDuration": 78.12121799960732,
  "FrameIndex": 737,
  "FrameTimestamp": 5974788.926,
  "FrameTransferDuration": 14.7452
}