{
  "FrameComputationDuration": 45.97099800005526,
  "FrameDuration": 78.14057799987495,
  "FrameIndex": 732,
  "FrameTimestamp": 5973958.814,
  "FrameTransferDuration": 15.5847
}