{
  "FrameComputationDuration": 45.89752700080135,
  "FrameDuration": 83.24715499859303,
  "FrameIndex": 745,
  "FrameTimestamp": 5976117.915,
  "FrameTransferDuration": 17.7585
}