{
  "FrameComputationDuration": 46.02331699939532,
  "FrameDuration": 89.22338200174272,
  "FrameIndex": 738,
  "FrameTimestamp": 5974961.539,
  "FrameTransferDuration": 17.528
}