{
  "FrameComputationDuration": 47.41100799988635,
  "FrameDuration": 80.57116500101984,
  "FrameIndex": 740,
  "FrameTimestamp": 5975283.768,
  "FrameTransferDuration": 14.1454
}