{
  "FrameComputationDuration": 46.19022600110475,
  "FrameDuration": 78.17741000000387,
  "FrameIndex": 743,
  "FrameTimestamp": 5975781.663,
  "FrameTransferDuration": 17.3407
}