{
  "FrameComputationDuration": 45.946038000860426,
  "FrameDuration": 78.90530200116336,
  "FrameIndex": 729,
  "FrameTimestamp": 5973460.9520000005,
  "FrameTransferDuration": 18.1643
}