{
  "FrameComputationDuration": 45.85119200064946,
  "FrameDuration": 78.10979500040412,
  "FrameIndex": 733,
  "FrameTimestamp": 5974124.46,
  "FrameTransferDuration": 14.767
}