{
  "FrameComputationDuration": 45.96245399986947,
  "FrameDuration": 83.07061399985105,
  "FrameIndex": 735,
  "FrameTimestamp": 5974457.7,
  "FrameTransferDuration": 17.6634
}