{
  "FrameComputationDuration": 46.032725000470236,
  "FrameDuration": 79.47079699952155,
  "FrameIndex": 739,
  "FrameTimestamp": 5975118.202999999,
  "FrameTransferDuration": 20.8829
}