{
  "FrameComputationDuration": 46.079316000083054,
  "FrameDuration": 80.15392300020903,
  "FrameIndex": 730,
  "FrameTimestamp": 5973629.098,
  "FrameTransferDuration": 21.5372
}