{
  "FrameComputationDuration": 46.03816499927052,
  "FrameDuration": 78.40332600008696,
  "FrameIndex": 736,
  "FrameTimestamp": 5974621.272999999,
  "FrameTransferDuration": 14.2573
}