{
  "FrameComputationDuration": 46.115700000511424,
  "FrameDuration": 80.27609699964523,
  "FrameIndex": 744,
  "FrameTimestamp": 5975947.277,
  "FrameTransferDuration": 13.8019
}