{
  "FrameComputationDuration": 45.88997499895777,
  "FrameDuration": 78.26252800133079,
  "FrameIndex": 747,
  "FrameTimestamp": 5976444.191999999,
  "FrameTransferDuration": 16.5388
}