{
  "FrameComputationDuration": 46.19864199938456,
  "FrameDuration": 77.682536999695,
  "FrameIndex": 731,
  "FrameTimestamp": 5973792.201,
  "FrameTransferDuration": 21.6276
}