{
  "FrameComputationDuration": 47.10374899874296,
  "FrameDuration": 78.5741079999134,
  "FrameIndex": 742,
  "FrameTimestamp": 5975618.024999999,
  "FrameTransferDuration": 17.4336
}