{
  "FrameComputationDuration": 46.145138998552284,
  "FrameDuration": 78.44924500025809,
  "FrameIndex": 741,
  "FrameTimestamp": 5975450.413,
  "FrameTransferDuration": 14.4421
}