{
  "FrameComputationDuration": 46.12360300067667,
  "FrameDuration": 77.68100099917501,
  "FrameIndex": 734,
  "FrameTimestamp": 5974291.051,
  "FrameTransferDuration": 17.4445
}