{
  "FrameComputationDuration": 56.27884699817514,
  "FrameDuration": 68.09221000224352,
  "FrameIndex": 3360,
  "FrameTimestamp": 29617540.617999997,
  "FrameTransferDuration": 17.5538
}