{
  "FrameComputationDuration": 56.71471399476286,
  "FrameDuration": 68.30154900625348,
  "FrameIndex": 3367,
  "FrameTimestamp": 29618705.01,
  "FrameTransferDuration": 14.9135
}