{
  "FrameComputationDuration": 56.28947199776303,
  "FrameDuration": 72.1501649953425,
  "FrameIndex": 3363,
  "FrameTimestamp": 29618041.536000002,
  "FrameTransferDuration": 14.4356
}