{
  "FrameComputationDuration": 56.828567996795755,
  "FrameDuration": 68.18647900223732,
  "FrameIndex": 3378,
  "FrameTimestamp": 29620529.862,
  "FrameTransferDuration": 19.1882
}