{
  "FrameComputationDuration": 56.35954999719979,
  "FrameDuration": 75.49353900179267,
  "FrameIndex": 3364,
  "FrameTimestamp": 29618208.135999996,
  "FrameTransferDuration": 15.3071
}