{
  "FrameComputationDuration": 56.327199004765134,
  "FrameDuration": 68.09214500337839,
  "FrameIndex": 3362,
  "FrameTimestamp": 29617871.877,
  "FrameTransferDuration": 18.7573
}