{
  "FrameComputationDuration": 57.13854699552758,
  "FrameDuration": 67.75499799475074,
  "FrameIndex": 3380,
  "FrameTimestamp": 29620861.135,
  "FrameTransferDuration": 17.756
}