{
  "FrameComputationDuration": 57.34465600294061,
  "FrameDuration": 68.5126500017941,
  "FrameIndex": 3377,
  "FrameTimestamp": 29620365.227999996,
  "FrameTransferDuration": 20.1865
}