{
  "FrameComputationDuration": 56.57142000598833,
  "FrameDuration": 68.15895999595523,
  "FrameIndex": 3375,
  "FrameTimestamp": 29620027.021,
  "FrameTransferDuration": 16.4609
}