{
  "FrameComputationDuration": 56.88479000062216,
  "FrameDuration": 70.61271600052714,
  "FrameIndex": 3372,
  "FrameTimestamp": 29619529.098,
  "FrameTransferDuration": 16.0939
}