{
  "FrameComputationDuration": 56.968342004169244,
  "FrameDuration": 68.06200199946761,
  "FrameIndex": 3370,
  "FrameTimestamp": 29619197.852,
  "FrameTransferDuration": 18.8079
}