{
  "FrameComputationDuration": 56.87573499791324,
  "FrameDuration": 67.7479900047183,
  "FrameIndex": 3379,
  "FrameTimestamp": 29620695.480999995,
  "FrameTransferDuration": 17.0716
}