{
  "FrameComputationDuration": 56.49036499374779,
  "FrameDuration": 68.22497500106692,
  "FrameIndex": 3357,
  "FrameTimestamp": 29617043.785,
  "FrameTransferDuration": 19.0847
}