{
  "FrameComputationDuration": 56.39753399626352,
  "FrameDuration": 76.23420099914074,
  "FrameIndex": 3354,
  "FrameTimestamp": 29616554.867999997,
  "FrameTransferDuration": 18.6671
}