{
  "FrameComputationDuration": 56.40547000215156,
  "FrameDuration": 72.17400500178337,
  "FrameIndex": 3359,
  "FrameTimestamp": 29617379.025000002,
  "FrameTransferDuration": 17.0543
}