{
  "FrameComputationDuration": 56.3802550007822,
  "FrameDuration": 69.29180799797177,
  "FrameIndex": 3365,
  "FrameTimestamp": 29618368.756,
  "FrameTransferDuration": 19.2416
}