{
  "FrameComputationDuration": 56.62754600174958,
  "FrameDuration": 70.0914120003581,
  "FrameIndex": 3355,
  "FrameTimestamp": 29616714.487,
  "FrameTransferDuration": 14.7569
}