{
  "FrameComputationDuration": 58.2342430051649,
  "FrameDuration": 67.7401819974184,
  "FrameIndex": 3373,
  "FrameTimestamp": 29619694.734999996,
  "FrameTransferDuration": 19.7334
}