{
  "FrameComputationDuration": 56.4657249993179,
  "FrameDuration": 68.31828499957919,
  "FrameIndex": 3371,
  "FrameTimestamp": 29619363.484,
  "FrameTransferDuration": 15.5285
}