{
  "FrameComputationDuration": 56.81611999805318,
  "FrameDuration": 68.14766399934888,
  "FrameIndex": 3374,
  "FrameTimestamp": 29619861.366,
  "FrameTransferDuration": 24.1108
}