{
  "FrameComputationDuration": 56.49801300175022,
  "FrameDuration": 68.07828899845481,
  "FrameIndex": 3361,
  "FrameTimestamp": 29617706.24,
  "FrameTransferDuration": 21.0328
}