{
  "FrameComputationDuration": 56.40172599814832,
  "FrameDuration": 69.06781099364161,
  "FrameIndex": 3369,
  "FrameTimestamp": 29619032.245999996,
  "FrameTransferDuration": 19.3003
}