{
  "FrameComputationDuration": 56.329823004081845,
  "FrameDuration": 68.01483399420977,
  "FrameIndex": 3368,
  "FrameTimestamp": 29618866.610999998,
  "FrameTransferDuration": 15.728
}