{
  "FrameComputationDuration": 56.244448997371364,
  "FrameDuration": 68.03953800722957,
  "FrameIndex": 3366,
  "FrameTimestamp": 29618535.377,
  "FrameTransferDuration": 18.2797
}