{
  "FrameComputationDuration": 56.49721300188685,
  "FrameDuration": 67.71883899718523,
  "FrameIndex": 3353,
  "FrameTimestamp": 29616380.285,
  "FrameTransferDuration": 20.3451
}