{
  "FrameComputationDuration": 56.556987002375536,
  "FrameDuration": 67.93861100077629,
  "FrameIndex": 3356,
  "FrameTimestamp": 29616878.094999995,
  "FrameTransferDuration": 15.279
}