{
  "FrameComputationDuration": 56.413758000941016,
  "FrameDuration": 70.1596979983151,
  "FrameIndex": 3358,
  "FrameTimestamp": 29617211.407999996,
  "FrameTransferDuration": 18.1506
}