{
  "FrameComputationDuration": 56.46930899634026,
  "FrameDuration": 67.5020089969039,
  "FrameIndex": 3376,
  "FrameTimestamp": 29620196.643999998,
  "FrameTransferDuration": 16.1401
}