{
  "FrameComputationDuration": 45.94523799984745,
  "FrameDuration": 79.08433100115508,
  "FrameIndex": 1357,
  "FrameTimestamp": 7804118.484,
  "FrameTransferDuration": 18.2846
}