{
  "FrameComputationDuration": 46.09483599947271,
  "FrameDuration": 79.56809999980032,
  "FrameIndex": 1364,
  "FrameTimestamp": 7804892.7639999995,
  "FrameTransferDuration": 15.1853
}