{
  "FrameComputationDuration": 45.99218200019823,
  "FrameDuration": 79.35799100063741,
  "FrameIndex": 1354,
  "FrameTimestamp": 7803787.244,
  "FrameTransferDuration": 19.4665
}