{
  "FrameComputationDuration": 46.00450200074556,
  "FrameDuration": 78.89204599987715,
  "FrameIndex": 1365,
  "FrameTimestamp": 7805002.461,
  "FrameTransferDuration": 19.5479
}