{
  "FrameComputationDuration": 46.05768499966507,
  "FrameDuration": 79.82358499988914,
  "FrameIndex": 1372,
  "FrameTimestamp": 7805776.683999999,
  "FrameTransferDuration": 14.4039
}