{
  "FrameComputationDuration": 46.03109299901553,
  "FrameDuration": 79.3897349992767,
  "FrameIndex": 1363,
  "FrameTimestamp": 7804781.953999999,
  "FrameTransferDuration": 17.5668
}