{
  "FrameComputationDuration": 46.2937780016,
  "FrameDuration": 78.42885299958289,
  "FrameIndex": 1373,
  "FrameTimestamp": 7805885.447,
  "FrameTransferDuration": 19.4537
}