{
  "FrameComputationDuration": 45.726489999673504,
  "FrameDuration": 78.57749100029469,
  "FrameIndex": 1353,
  "FrameTimestamp": 7803676.44,
  "FrameTransferDuration": 17.6129
}