{
  "FrameComputationDuration": 45.9586779996971,
  "FrameDuration": 79.2150489995256,
  "FrameIndex": 1368,
  "FrameTimestamp": 7805333.713,
  "FrameTransferDuration": 14.6566
}