{
  "FrameComputationDuration": 46.99165500097297,
  "FrameDuration": 78.33771799970418,
  "FrameIndex": 1376,
  "FrameTimestamp": 7806216.688,
  "FrameTransferDuration": 14.4386
}