{
  "FrameComputationDuration": 46.08443700095086,
  "FrameDuration": 78.51781099941581,
  "FrameIndex": 1374,
  "FrameTimestamp": 7805996.212,
  "FrameTransferDuration": 17.4419
}