{
  "FrameComputationDuration": 46.238993999962986,
  "FrameDuration": 79.99263800028712,
  "FrameIndex": 1362,
  "FrameTimestamp": 7804671.219,
  "FrameTransferDuration": 17.5124
}