{
  "FrameComputationDuration": 46.232114000704314,
  "FrameDuration": 79.62554000038654,
  "FrameIndex": 1352,
  "FrameTimestamp": 7803566.727999999,
  "FrameTransferDuration": 15.3288
}