{
  "FrameComputationDuration": 45.93359100000089,
  "FrameDuration": 78.53253200091422,
  "FrameIndex": 1370,
  "FrameTimestamp": 7805554.217999999,
  "FrameTransferDuration": 17.7194
}