{
  "FrameComputationDuration": 46.259730001060234,
  "FrameDuration": 79.24413699936122,
  "FrameIndex": 1358,
  "FrameTimestamp": 7804228.214999999,
  "FrameTransferDuration": 18.4784
}