{
  "FrameComputationDuration": 46.14651600103389,
  "FrameDuration": 79.11476299911737,
  "FrameIndex": 1361,
  "FrameTimestamp": 7804560.418999999,
  "FrameTransferDuration": 20.0084
}