{
  "FrameComputationDuration": 46.12722000072972,
  "FrameDuration": 79.58211600035429,
  "FrameIndex": 1366,
  "FrameTimestamp": 7805113.192999999,
  "FrameTransferDuration": 17.8198
}