{
  "FrameComputationDuration": 46.06846900037635,
  "FrameDuration": 80.0809879982844,
  "FrameIndex": 1356,
  "FrameTimestamp": 7804007.725000001,
  "FrameTransferDuration": 14.9271
}