{
  "FrameComputationDuration": 46.05499800192047,
  "FrameDuration": 81.12030099984258,
  "FrameIndex": 1360,
  "FrameTimestamp": 7804449.705999999,
  "FrameTransferDuration": 17.3785
}