{
  "FrameComputationDuration": 46.05128500021965,
  "FrameDuration": 78.36069400049746,
  "FrameIndex": 1371,
  "FrameTimestamp": 7805663.964999999,
  "FrameTransferDuration": 16.7825
}