{
  "FrameComputationDuration": 45.88866300040536,
  "FrameDuration": 78.93195000011474,
  "FrameIndex": 1369,
  "FrameTimestamp": 7805444.4459999995,
  "FrameTransferDuration": 17.6069
}