{
  "FrameComputationDuration": 46.12056399879657,
  "FrameDuration": 79.13824999984354,
  "FrameIndex": 1367,
  "FrameTimestamp": 7805221.94,
  "FrameTransferDuration": 17.4088
}