{
  "FrameComputationDuration": 46.09246899928985,
  "FrameDuration": 78.6083069993183,
  "FrameIndex": 1355,
  "FrameTimestamp": 7803896.97,
  "FrameTransferDuration": 17.3274
}