{
  "FrameComputationDuration": 46.19413099821395,
  "FrameDuration": 78.25346400029957,
  "FrameIndex": 1351,
  "FrameTimestamp": 7803455.986999999,
  "FrameTransferDuration": 18.9255
}