{
  "FrameComputationDuration": 47.35936200098513,
  "FrameDuration": 79.19025000091642,
  "FrameIndex": 1359,
  "FrameTimestamp": 7804338.936,
  "FrameTransferDuration": 20.0433
}