{
  "FrameComputationDuration": 46.02050100010092,
  "FrameDuration": 79.0838189991191,
  "FrameIndex": 1375,
  "FrameTimestamp": 7806106.942999999,
  "FrameTransferDuration": 17.1974
}